timestamp_ms,local_time,heading_deg,speed_ms,speed_src,pos_x_m,pos_y_m,lat,lon,pos_src
741402,2026-05-16T09:24:53,176.70,0.006,F,2694.94,9973.79,47.67849731,-122.24810028,E
746497,2026-05-16T09:24:58,143.62,0.046,F,2694.95,9973.77,47.67849731,-122.24810028,E
751574,2026-05-16T09:25:03,111.74,0.089,F,2695.27,9973.72,47.67849731,-122.24810028,E
756675,2026-05-16T09:25:08,127.90,0.107,F,2695.73,9973.48,47.67849350,-122.24809265,E
761752,2026-05-16T09:25:13,131.39,0.112,F,2696.12,9973.03,47.67848969,-122.24808502,E
766844,2026-05-16T09:25:19,137.86,0.113,F,2696.51,9972.57,47.67848587,-122.24807739,E
771931,2026-05-16T09:25:24,135.84,0.118,F,2696.89,9972.07,47.67848206,-122.24807739,E
777026,2026-05-16T09:25:29,134.39,0.123,F,2697.28,9971.57,47.67847824,-122.24806976,E
782079,2026-05-16T09:25:34,120.56,0.114,F,2697.71,9971.09,47.67847443,-122.24806213,E
787164,2026-05-16T09:25:39,111.84,0.108,F,2698.20,9970.78,47.67847061,-122.24806213,E
792241,2026-05-16T09:25:44,114.96,0.095,F,2698.65,9970.73,47.67847061,-122.24805450,E
797316,2026-05-16T09:25:49,109.38,0.102,F,2699.14,9970.68,47.67847061,-122.24804688,E
802387,2026-05-16T09:25:54,107.59,0.117,F,2699.66,9970.63,47.67847061,-122.24803925,E
807488,2026-05-16T09:25:59,101.94,0.117,F,2700.26,9970.59,47.67846680,-122.24803162,E
812527,2026-05-16T09:26:04,108.09,0.096,F,2700.78,9970.56,47.67846680,-122.24802399,E
817544,2026-05-16T09:26:09,109.56,0.110,F,2701.26,9970.51,47.67846680,-122.24801636,E
822590,2026-05-16T09:26:14,112.46,0.102,F,2701.75,9970.46,47.67846680,-122.24800873,E
827686,2026-05-16T09:26:19,114.17,0.108,F,2702.24,9970.39,47.67846680,-122.24800110,E
832762,2026-05-16T09:26:24,116.56,0.115,F,2702.75,9970.15,47.67846298,-122.24800110,E
837864,2026-05-16T09:26:30,120.85,0.117,F,2703.26,9969.69,47.67845917,-122.24799347,E
842926,2026-05-16T09:26:35,117.50,0.123,F,2703.82,9969.25,47.67845535,-122.24798584,E
847992,2026-05-16T09:26:40,120.64,0.121,F,2704.33,9968.80,47.67845154,-122.24797821,E
853065,2026-05-16T09:26:45,123.75,0.119,F,2704.83,9968.35,47.67844772,-122.24797058,E
858160,2026-05-16T09:26:50,124.98,0.113,F,2705.32,9967.89,47.67844391,-122.24796295,E
863227,2026-05-16T09:26:55,116.65,0.124,F,2705.85,9967.44,47.67844009,-122.24795532,E
868294,2026-05-16T09:27:00,115.50,0.112,F,2706.38,9967.09,47.67843628,-122.24794769,E
873373,2026-05-16T09:27:05,117.90,0.116,F,2706.87,9966.67,47.67843246,-122.24794006,E
878447,2026-05-16T09:27:10,115.76,0.118,F,2707.39,9966.22,47.67842865,-122.24793243,E
883526,2026-05-16T09:27:15,117.41,0.109,F,2707.89,9965.86,47.67842484,-122.24793243,E
888591,2026-05-16T09:27:20,107.61,0.103,F,2708.38,9965.46,47.67842102,-122.24792480,E
893654,2026-05-16T09:27:25,125.69,0.055,F,2708.76,9965.44,47.67842102,-122.24791718,E
898746,2026-05-16T09:27:30,121.55,0.094,F,2709.07,9965.35,47.67842102,-122.24791718,E
903777,2026-05-16T09:27:35,114.80,0.111,F,2709.55,9965.14,47.67842102,-122.24790955,E
908861,2026-05-16T09:27:41,113.06,0.121,F,2710.06,9965.02,47.67841721,-122.24790192,E
913938,2026-05-16T09:27:46,105.41,0.123,F,2710.66,9964.95,47.67841721,-122.24789429,E
919018,2026-05-16T09:27:51,107.65,0.115,F,2711.27,9964.90,47.67841721,-122.24788666,E
924118,2026-05-16T09:27:56,112.08,0.117,F,2711.78,9964.81,47.67841721,-122.24787903,E
929130,2026-05-16T09:28:01,112.61,0.113,F,2712.29,9964.60,47.67841339,-122.24787140,E
934219,2026-05-16T09:28:06,109.65,0.121,F,2712.84,9964.55,47.67841339,-122.24786377,E
939306,2026-05-16T09:28:11,106.62,0.124,F,2713.45,9964.50,47.67841339,-122.24785614,E
944393,2026-05-16T09:28:16,107.58,0.122,F,2714.07,9964.45,47.67841339,-122.24784851,E
949463,2026-05-16T09:28:21,114.28,0.110,F,2714.64,9964.39,47.67841339,-122.24784088,E
954515,2026-05-16T09:28:26,115.70,0.094,F,2715.12,9964.34,47.67841339,-122.24783325,E
959590,2026-05-16T09:28:31,119.09,0.109,F,2715.54,9964.11,47.67840958,-122.24782562,E
964658,2026-05-16T09:28:36,117.64,0.119,F,2716.03,9963.66,47.67840576,-122.24781799,E
969725,2026-05-16T09:28:41,116.09,0.109,F,2716.53,9963.21,47.67840195,-122.24781799,E
974773,2026-05-16T09:28:46,119.12,0.114,F,2717.02,9962.79,47.67839813,-122.24781036,E
979852,2026-05-16T09:28:52,118.36,0.110,F,2717.51,9962.33,47.67839432,-122.24780273,E
984913,2026-05-16T09:28:57,122.12,0.103,F,2717.99,9961.93,47.67839050,-122.24779510,E
989919,2026-05-16T09:29:02,120.02,0.022,F,2718.24,9961.91,47.67839050,-122.24779510,E
994998,2026-05-16T09:29:07,141.04,0.022,F,2718.27,9961.91,47.67839050,-122.24778748,E
1000098,2026-05-16T09:29:12,151.75,0.005,F,2718.29,9961.91,47.67839050,-122.24778748,E
1005184,2026-05-16T09:29:17,183.57,0.003,F,2718.29,9961.91,47.67839050,-122.24778748,E
1010250,2026-05-16T09:29:22,186.13,0.001,F,2718.29,9961.91,47.67839050,-122.24778748,E
1015311,2026-05-16T09:29:27,183.34,0.000,F,2718.29,9961.91,47.67839050,-122.24778748,E
1020367,2026-05-16T09:29:32,172.73,0.004,F,2718.29,9961.91,47.67839050,-122.24778748,E
1025417,2026-05-16T09:29:37,185.28,0.001,F,2718.29,9961.91,47.67839050,-122.24778748,E
1030492,2026-05-16T09:29:42,183.03,0.000,F,2718.29,9961.91,47.67839050,-122.24778748,E
1035576,2026-05-16T09:29:47,172.31,0.000,F,2718.29,9961.91,47.67839050,-122.24778748,E
1040653,2026-05-16T09:29:52,181.91,0.000,F,2718.29,9961.91,47.67839050,-122.24778748,E
1045733,2026-05-16T09:29:57,197.08,0.007,F,2718.29,9961.91,47.67839050,-122.24778748,E
1050806,2026-05-16T09:30:03,197.02,0.001,F,2718.29,9961.91,47.67839050,-122.24778748,E
1055895,2026-05-16T09:30:08,193.35,0.000,F,2718.29,9961.91,47.67839050,-122.24778748,E
1060900,2026-05-16T09:30:13,189.99,0.014,F,2718.29,9961.91,47.67839050,-122.24778748,E
1065973,2026-05-16T09:30:18,186.05,0.003,F,2718.29,9961.91,47.67839050,-122.24778748,E
1071071,2026-05-16T09:30:23,197.15,0.002,F,2718.29,9961.91,47.67839050,-122.24778748,E
1076162,2026-05-16T09:30:28,224.74,0.000,F,2718.29,9961.91,47.67839050,-122.24778748,E
1081228,2026-05-16T09:30:33,136.69,0.009,F,2718.29,9961.91,47.67839050,-122.24778748,E
1086304,2026-05-16T09:30:38,168.60,0.005,F,2718.30,9961.91,47.67839050,-122.24778748,E
1091377,2026-05-16T09:30:43,132.47,0.022,F,2718.31,9961.91,47.67839050,-122.24778748,E
1096438,2026-05-16T09:30:48,109.77,0.091,F,2718.58,9961.90,47.67839050,-122.24778748,E
1101494,2026-05-16T09:30:53,104.38,0.114,F,2719.11,9961.85,47.67839050,-122.24777985,E
1106554,2026-05-16T09:30:58,123.26,0.111,F,2719.61,9961.53,47.67838669,-122.24777222,E
1111601,2026-05-16T09:31:03,129.62,0.109,F,2720.08,9961.08,47.67838287,-122.24776459,E
1116647,2026-05-16T09:31:08,130.43,0.113,F,2720.46,9960.62,47.67837906,-122.24776459,E
1121735,2026-05-16T09:31:13,137.08,0.111,F,2720.85,9960.14,47.67837524,-122.24775696,E
1126830,2026-05-16T09:31:19,132.18,0.113,F,2721.30,9959.68,47.67837143,-122.24774933,E
1131885,2026-05-16T09:31:24,119.71,0.116,F,2721.75,9959.23,47.67836761,-122.24774170,E
1136967,2026-05-16T09:31:29,122.69,0.111,F,2722.25,9958.78,47.67836380,-122.24774170,E
1142022,2026-05-16T09:31:34,122.39,0.107,F,2722.73,9958.33,47.67835999,-122.24773407,E
1147106,2026-05-16T09:31:39,128.35,0.104,F,2723.16,9957.88,47.67835236,-122.24772644,E
1152158,2026-05-16T09:31:44,111.17,0.103,F,2723.59,9957.53,47.67835236,-122.24771881,E
1157186,2026-05-16T09:31:49,115.62,0.102,F,2724.08,9957.48,47.67835236,-122.24771118,E
1162247,2026-05-16T09:31:54,116.51,0.105,F,2724.56,9957.39,47.67834854,-122.24771118,E
1167338,2026-05-16T09:31:59,117.60,0.107,F,2725.05,9957.21,47.67834854,-122.24770355,E
1172417,2026-05-16T09:32:04,121.73,0.109,F,2725.54,9956.78,47.67834473,-122.24769592,E
1177493,2026-05-16T09:32:09,118.41,0.105,F,2726.03,9956.52,47.67834091,-122.24768829,E
1182579,2026-05-16T09:32:14,116.38,0.103,F,2726.52,9956.26,47.67834091,-122.24768066,E
1187645,2026-05-16T09:32:19,119.37,0.101,F,2727.00,9956.01,47.67833710,-122.24767303,E
1192731,2026-05-16T09:32:24,124.62,0.105,F,2727.44,9955.56,47.67833328,-122.24766541,E
1197812,2026-05-16T09:32:30,105.57,0.111,F,2727.95,9955.40,47.67833328,-122.24766541,E
1202883,2026-05-16T09:32:35,107.95,0.079,F,2728.43,9955.39,47.67833328,-122.24765778,E
1207952,2026-05-16T09:32:40,119.20,0.063,F,2728.70,9955.37,47.67833328,-122.24765015,E
1213054,2026-05-16T09:32:45,111.67,0.085,F,2729.08,9955.32,47.67832947,-122.24765015,E
1218108,2026-05-16T09:32:50,104.98,0.082,F,2729.47,9955.30,47.67832947,-122.24764252,E
1223173,2026-05-16T09:32:55,105.04,0.073,F,2729.83,9955.30,47.67832947,-122.24763489,E
1228269,2026-05-16T09:33:00,114.39,0.071,F,2730.20,9955.29,47.67832947,-122.24763489,E
1233338,2026-05-16T09:33:05,109.75,0.072,F,2730.56,9955.26,47.67832947,-122.24762726,E
1238418,2026-05-16T09:33:10,101.24,0.079,F,2730.93,9955.26,47.67832947,-122.24761963,E
1243509,2026-05-16T09:33:15,108.34,0.076,F,2731.29,9955.26,47.67832947,-122.24761963,E
1248597,2026-05-16T09:33:20,108.60,0.075,F,2731.66,9955.26,47.67832947,-122.24761200,E
1253694,2026-05-16T09:33:25,100.24,0.073,F,2732.02,9955.26,47.67832947,-122.24760437,E
1258770,2026-05-16T09:33:30,94.05,0.078,F,2732.38,9955.26,47.67832947,-122.24760437,E
1263860,2026-05-16T09:33:36,95.73,0.101,F,2732.84,9955.26,47.67832947,-122.24759674,E
1268953,2026-05-16T09:33:41,115.44,0.102,F,2733.35,9955.25,47.67832947,-122.24758911,E
1274041,2026-05-16T09:33:46,114.11,0.107,F,2733.84,9955.18,47.67832947,-122.24758148,E
1279103,2026-05-16T09:33:51,113.00,0.104,F,2734.32,9955.12,47.67832947,-122.24757385,E
1284108,2026-05-16T09:33:56,113.23,0.080,F,2734.77,9955.07,47.67832947,-122.24757385,E
1289164,2026-05-16T09:34:01,116.34,0.065,F,2735.10,9955.02,47.67832947,-122.24756622,E
1294216,2026-05-16T09:34:06,116.96,0.062,F,2735.36,9954.98,47.67832947,-122.24756622,E
1299292,2026-05-16T09:34:11,128.21,0.059,F,2735.61,9954.94,47.67832947,-122.24755859,E
1304393,2026-05-16T09:34:16,139.62,0.068,F,2735.86,9954.79,47.67832565,-122.24755859,E
1309442,2026-05-16T09:34:21,151.58,0.068,F,2736.05,9954.34,47.67832184,-122.24755096,E
1314519,2026-05-16T09:34:26,165.59,0.071,F,2736.17,9953.89,47.67831802,-122.24755096,E
1319599,2026-05-16T09:34:31,166.56,0.063,F,2736.27,9953.44,47.67831421,-122.24755096,E
1324698,2026-05-16T09:34:36,166.69,0.068,F,2736.36,9952.99,47.67831039,-122.24755096,E
1329752,2026-05-16T09:34:41,190.43,0.075,F,2736.36,9952.54,47.67830658,-122.24755096,E
1334854,2026-05-16T09:34:47,186.82,0.077,F,2736.29,9952.09,47.67830276,-122.24755096,E
1339939,2026-05-16T09:34:52,138.27,0.065,F,2736.32,9951.66,47.67829895,-122.24755096,E
1345005,2026-05-16T09:34:57,114.94,0.073,F,2736.64,9951.51,47.67829895,-122.24754333,E
1350090,2026-05-16T09:35:02,114.29,0.071,F,2736.99,9951.49,47.67829514,-122.24754333,E
1355152,2026-05-16T09:35:07,106.40,0.076,F,2737.35,9951.47,47.67829514,-122.24753571,E
1360238,2026-05-16T09:35:12,101.13,0.078,F,2737.71,9951.47,47.67829514,-122.24753571,E
1365308,2026-05-16T09:35:17,90.24,0.076,F,2738.08,9951.47,47.67829514,-122.24752808,E
1370371,2026-05-16T09:35:22,78.47,0.076,F,2738.44,9951.47,47.67829514,-122.24752045,E
1375439,2026-05-16T09:35:27,68.84,0.074,F,2738.81,9951.47,47.67829514,-122.24752045,E
1380512,2026-05-16T09:35:32,91.29,0.068,F,2739.17,9951.48,47.67829514,-122.24751282,E
1385582,2026-05-16T09:35:37,99.81,0.066,F,2739.52,9951.47,47.67829514,-122.24750519,E
1390633,2026-05-16T09:35:42,105.62,0.073,F,2739.89,9951.47,47.67829514,-122.24750519,E
1395695,2026-05-16T09:35:47,111.77,0.046,F,2740.22,9951.47,47.67829514,-122.24749756,E
1400763,2026-05-16T09:35:52,105.29,0.098,F,2740.62,9951.47,47.67829514,-122.24748993,E
1405843,2026-05-16T09:35:58,125.53,0.081,F,2741.05,9951.40,47.67829514,-122.24748993,E
1410918,2026-05-16T09:36:03,127.52,0.079,F,2741.36,9951.18,47.67829514,-122.24748230,E
1415991,2026-05-16T09:36:08,113.03,0.081,F,2741.70,9951.10,47.67829514,-122.24748230,E
1421064,2026-05-16T09:36:13,111.65,0.072,F,2742.06,9951.09,47.67829514,-122.24747467,E
1426142,2026-05-16T09:36:18,118.20,0.070,F,2742.39,9951.05,47.67829132,-122.24746704,E
1431224,2026-05-16T09:36:23,118.11,0.074,F,2742.75,9951.00,47.67829132,-122.24746704,E
1436311,2026-05-16T09:36:28,116.25,0.068,F,2743.11,9950.95,47.67829132,-122.24745941,E
1441394,2026-05-16T09:36:33,116.25,0.065,F,2743.45,9950.92,47.67829132,-122.24745941,E
1446476,2026-05-16T09:36:38,116.07,0.067,F,2743.72,9950.87,47.67829132,-122.24745178,E
1451544,2026-05-16T09:36:43,117.88,0.066,F,2744.02,9950.83,47.67829132,-122.24745178,E
1456640,2026-05-16T09:36:48,110.85,0.070,F,2744.35,9950.81,47.67829132,-122.24744415,E
1461740,2026-05-16T09:36:53,105.38,0.065,F,2744.71,9950.81,47.67829132,-122.24743652,E
1466834,2026-05-16T09:36:59,103.76,0.064,F,2745.05,9950.81,47.67829132,-122.24743652,E
1471915,2026-05-16T09:37:04,91.74,0.071,F,2745.42,9950.81,47.67829132,-122.24742889,E
1477004,2026-05-16T09:37:09,85.65,0.066,F,2745.78,9950.81,47.67829132,-122.24742126,E
1482108,2026-05-16T09:37:14,83.65,0.054,F,2746.11,9950.81,47.67829132,-122.24742126,E
1487184,2026-05-16T09:37:19,81.60,0.051,F,2746.36,9950.81,47.67829132,-122.24741364,E
1492263,2026-05-16T09:37:24,78.32,0.061,F,2746.62,9950.81,47.67829132,-122.24741364,E
1497334,2026-05-16T09:37:29,72.84,0.065,F,2746.95,9950.81,47.67829132,-122.24740601,E
1502413,2026-05-16T09:37:34,87.31,0.059,F,2747.27,9950.81,47.67829132,-122.24740601,E
1507502,2026-05-16T09:37:39,87.59,0.061,F,2747.58,9950.81,47.67829132,-122.24739838,E
1512562,2026-05-16T09:37:44,89.98,0.063,F,2747.93,9950.81,47.67829132,-122.24739838,E
1517640,2026-05-16T09:37:49,95.79,0.060,F,2748.29,9950.81,47.67829132,-122.24739075,E
1522717,2026-05-16T09:37:54,89.06,0.067,F,2748.60,9950.81,47.67829132,-122.24739075,E
1527797,2026-05-16T09:37:59,79.48,0.067,F,2748.97,9950.81,47.67829132,-122.24738312,E
1532877,2026-05-16T09:38:05,75.86,0.057,F,2749.26,9950.81,47.67829132,-122.24737549,E
1537938,2026-05-16T09:38:10,69.97,0.063,F,2749.54,9950.81,47.67829132,-122.24737549,E
1543034,2026-05-16T09:38:15,88.23,0.063,F,2749.85,9950.81,47.67829132,-122.24736786,E
1548102,2026-05-16T09:38:20,85.88,0.068,F,2750.22,9950.81,47.67829132,-122.24736786,E
1553188,2026-05-16T09:38:25,87.56,0.063,F,2750.56,9950.81,47.67829132,-122.24736023,E
1558269,2026-05-16T09:38:30,93.55,0.076,F,2750.93,9950.81,47.67829132,-122.24735260,E
1563368,2026-05-16T09:38:35,117.28,0.094,F,2751.32,9950.79,47.67829132,-122.24735260,E
1568407,2026-05-16T09:38:40,129.11,0.104,F,2751.73,9950.37,47.67828751,-122.24734497,E
1573475,2026-05-16T09:38:45,133.69,0.107,F,2752.09,9949.92,47.67828369,-122.24733734,E
1578544,2026-05-16T09:38:50,140.59,0.083,F,2752.44,9949.47,47.67827988,-122.24733734,E
1583618,2026-05-16T09:38:55,170.95,0.067,F,2752.51,9949.02,47.67827606,-122.24733734,E
1588699,2026-05-16T09:39:00,182.34,0.065,F,2752.55,9948.56,47.67827225,-122.24733734,E
1593779,2026-05-16T09:39:05,168.11,0.069,F,2752.55,9948.11,47.67826843,-122.24733734,E
1598857,2026-05-16T09:39:11,177.40,0.071,F,2752.63,9947.67,47.67826080,-122.24733734,E
1603946,2026-05-16T09:39:16,178.89,0.070,F,2752.63,9947.21,47.67825699,-122.24733734,E
1609033,2026-05-16T09:39:21,142.37,0.067,F,2752.77,9946.76,47.67825317,-122.24732971,E
1614131,2026-05-16T09:39:26,119.64,0.071,F,2753.02,9946.60,47.67825317,-122.24732971,E
1619183,2026-05-16T09:39:31,123.53,0.059,F,2753.29,9946.52,47.67825317,-122.24732208,E
1624263,2026-05-16T09:39:36,103.39,0.069,F,2753.58,9946.50,47.67825317,-122.24732208,E
1629339,2026-05-16T09:39:41,95.49,0.071,F,2753.94,9946.50,47.67825317,-122.24731445,E
1634391,2026-05-16T09:39:46,94.82,0.066,F,2754.30,9946.50,47.67825317,-122.24731445,E
1639464,2026-05-16T09:39:51,92.42,0.066,F,2754.66,9946.50,47.67825317,-122.24730682,E
1644539,2026-05-16T09:39:56,96.30,0.066,F,2755.01,9946.50,47.67825317,-122.24729919,E
1649609,2026-05-16T09:40:01,96.41,0.064,F,2755.35,9946.50,47.67825317,-122.24729919,E
1654701,2026-05-16T09:40:06,92.89,0.062,F,2755.71,9946.50,47.67825317,-122.24729156,E
1659776,2026-05-16T09:40:11,93.17,0.063,F,2756.07,9946.50,47.67825317,-122.24729156,E
1664848,2026-05-16T09:40:17,92.23,0.089,F,2756.46,9946.50,47.67825317,-122.24728394,E
1669907,2026-05-16T09:40:22,99.81,0.102,F,2756.95,9946.50,47.67825317,-122.24727631,E
1674975,2026-05-16T09:40:27,104.60,0.103,F,2757.44,9946.48,47.67825317,-122.24726868,E
1680037,2026-05-16T09:40:32,126.07,0.101,F,2757.91,9946.34,47.67824936,-122.24726105,E
1685103,2026-05-16T09:40:37,171.84,0.078,F,2758.15,9945.88,47.67824554,-122.24726105,E
1690146,2026-05-16T09:40:42,199.88,0.115,F,2758.05,9945.39,47.67824173,-122.24726105,E
1695216,2026-05-16T09:40:47,186.46,0.128,F,2757.92,9944.89,47.67823792,-122.24726105,E
1700260,2026-05-16T09:40:52,259.20,0.119,F,2757.64,9944.44,47.67823410,-122.24726868,E
1705325,2026-05-16T09:40:57,297.17,0.104,F,2757.12,9944.50,47.67823410,-122.24727631,E
1710329,2026-05-16T09:41:02,306.02,0.101,F,2756.68,9944.85,47.67823792,-122.24727631,E
1715430,2026-05-16T09:41:07,318.18,0.104,F,2756.30,9945.30,47.67824173,-122.24728394,E
1720515,2026-05-16T09:41:12,332.35,0.102,F,2756.00,9945.78,47.67824554,-122.24729156,E
1725610,2026-05-16T09:41:17,353.25,0.107,F,2755.85,9946.29,47.67824936,-122.24729156,E
1730685,2026-05-16T09:41:22,326.34,0.112,F,2755.75,9946.79,47.67825317,-122.24729156,E
1735755,2026-05-16T09:41:27,277.44,0.107,F,2755.28,9946.98,47.67825699,-122.24729919,E
1740816,2026-05-16T09:41:33,272.87,0.111,F,2754.76,9946.98,47.67825699,-122.24730682,E
1745911,2026-05-16T09:41:38,284.80,0.108,F,2754.23,9946.99,47.67825699,-122.24731445,E
1750991,2026-05-16T09:41:43,287.34,0.109,F,2753.73,9947.04,47.67825699,-122.24732208,E
1756075,2026-05-16T09:41:48,301.25,0.109,F,2753.23,9947.22,47.67825699,-122.24732208,E
1761120,2026-05-16T09:41:53,296.78,0.089,F,2752.78,9947.44,47.67826080,-122.24732971,E
1766170,2026-05-16T09:41:58,279.77,0.078,F,2752.41,9947.46,47.67826080,-122.24733734,E
1771244,2026-05-16T09:42:03,232.02,0.073,F,2752.05,9947.44,47.67826080,-122.24734497,E
1776311,2026-05-16T09:42:08,224.99,0.078,F,2751.79,9947.03,47.67825699,-122.24734497,E
1781418,2026-05-16T09:42:13,216.09,0.080,F,2751.47,9946.84,47.67825699,-122.24735260,E
1786508,2026-05-16T09:42:18,159.69,0.080,F,2751.45,9946.37,47.67824936,-122.24735260,E
1791602,2026-05-16T09:42:23,124.26,0.079,F,2751.70,9945.96,47.67824554,-122.24734497,E
1796682,2026-05-16T09:42:28,95.90,0.072,F,2752.06,9945.94,47.67824554,-122.24733734,E
1801682,2026-05-16T09:42:33,87.72,0.076,F,2752.43,9945.94,47.67824554,-122.24733734,E
1806776,2026-05-16T09:42:38,73.85,0.084,F,2752.81,9945.94,47.67824554,-122.24732971,E
1811862,2026-05-16T09:42:44,38.25,0.081,F,2753.17,9946.06,47.67824936,-122.24732971,E
1816953,2026-05-16T09:42:49,242.44,0.072,F,2753.10,9946.36,47.67824936,-122.24732971,E
1822027,2026-05-16T09:42:54,185.41,0.064,F,2753.01,9945.95,47.67824554,-122.24732971,E
1827101,2026-05-16T09:42:59,144.89,0.070,F,2753.08,9945.50,47.67824173,-122.24732971,E
1832173,2026-05-16T09:43:04,116.23,0.078,F,2753.34,9945.19,47.67824173,-122.24732208,E
1837204,2026-05-16T09:43:09,89.61,0.080,F,2753.72,9945.18,47.67824173,-122.24732208,E
1842261,2026-05-16T09:43:14,91.20,0.079,F,2754.10,9945.18,47.67824173,-122.24731445,E
1847363,2026-05-16T09:43:19,89.25,0.080,F,2754.48,9945.18,47.67824173,-122.24730682,E
1852366,2026-05-16T09:43:24,92.30,0.077,F,2754.86,9945.18,47.67824173,-122.24730682,E
1857459,2026-05-16T09:43:29,101.15,0.069,F,2755.23,9945.18,47.67824173,-122.24729919,E
1862549,2026-05-16T09:43:34,102.01,0.080,F,2755.60,9945.18,47.67824173,-122.24729156,E
1867641,2026-05-16T09:43:39,100.31,0.074,F,2755.97,9945.18,47.67824173,-122.24729156,E
1872704,2026-05-16T09:43:44,101.72,0.077,F,2756.34,9945.18,47.67824173,-122.24728394,E
1877794,2026-05-16T09:43:49,114.53,0.078,F,2756.71,9945.16,47.67824173,-122.24727631,E
1882881,2026-05-16T09:43:55,121.32,0.070,F,2757.07,9945.11,47.67823792,-122.24727631,E
1887955,2026-05-16T09:44:00,123.15,0.079,F,2757.41,9945.04,47.67823792,-122.24726868,E
1893038,2026-05-16T09:44:05,130.98,0.078,F,2757.72,9944.78,47.67823792,-122.24726868,E
1898136,2026-05-16T09:44:10,144.51,0.076,F,2757.98,9944.39,47.67823410,-122.24726105,E
1903200,2026-05-16T09:44:15,143.98,0.077,F,2758.23,9943.99,47.67823029,-122.24726105,E
1908256,2026-05-16T09:44:20,173.91,0.073,F,2758.30,9943.54,47.67822647,-122.24726105,E
1913308,2026-05-16T09:44:25,181.54,0.074,F,2758.30,9943.09,47.67822266,-122.24726105,E
1918384,2026-05-16T09:44:30,147.73,0.074,F,2758.39,9942.64,47.67821884,-122.24725342,E
1923464,2026-05-16T09:44:35,128.42,0.071,F,2758.63,9942.29,47.67821503,-122.24725342,E
1928545,2026-05-16T09:44:40,127.62,0.066,F,2758.90,9942.24,47.67821503,-122.24725342,E
1933638,2026-05-16T09:44:45,164.26,0.064,F,2759.10,9942.02,47.67821121,-122.24724579,E
1938726,2026-05-16T09:44:50,145.54,0.068,F,2759.26,9941.56,47.67820740,-122.24724579,E
1943834,2026-05-16T09:44:56,141.76,0.070,F,2759.43,9941.11,47.67820358,-122.24724579,E
1948936,2026-05-16T09:45:01,143.48,0.094,F,2759.68,9940.66,47.67819977,-122.24723816,E
1954042,2026-05-16T09:45:06,139.59,0.100,F,2760.03,9940.20,47.67819595,-122.24723816,E
1959138,2026-05-16T09:45:11,171.57,0.075,F,2760.26,9939.75,47.67819214,-122.24723053,E
1964156,2026-05-16T09:45:16,166.80,0.066,F,2760.28,9939.31,47.67818832,-122.24723053,E
1969214,2026-05-16T09:45:21,166.16,0.062,F,2760.35,9938.86,47.67818451,-122.24723053,E
1974271,2026-05-16T09:45:26,160.73,0.063,F,2760.46,9938.41,47.67818069,-122.24723053,E
1979356,2026-05-16T09:45:31,169.47,0.060,F,2760.51,9937.96,47.67817688,-122.24723053,E
1984443,2026-05-16T09:45:36,167.00,0.063,F,2760.61,9937.51,47.67817307,-122.24723053,E
1989525,2026-05-16T09:45:41,180.07,0.054,F,2760.63,9937.06,47.67816544,-122.24723053,E
1994616,2026-05-16T09:45:46,163.66,0.088,F,2760.71,9936.60,47.67816162,-122.24722290,E
1999676,2026-05-16T09:45:51,166.74,0.097,F,2760.83,9936.10,47.67815781,-122.24722290,E
2004736,2026-05-16T09:45:56,173.44,0.097,F,2760.95,9935.60,47.67815399,-122.24722290,E
2009819,2026-05-16T09:46:02,180.76,0.099,F,2760.95,9935.10,47.67815018,-122.24722290,E
2014879,2026-05-16T09:46:07,190.98,0.094,F,2760.91,9934.60,47.67814636,-122.24722290,E
2019960,2026-05-16T09:46:12,211.71,0.090,F,2760.74,9934.10,47.67814255,-122.24722290,E
2025055,2026-05-16T09:46:17,259.12,0.101,F,2760.30,9933.92,47.67813873,-122.24723053,E
2030128,2026-05-16T09:46:22,225.96,0.073,F,2759.91,9933.56,47.67813492,-122.24723816,E
2035194,2026-05-16T09:46:27,197.19,0.086,F,2759.77,9933.24,47.67813110,-122.24723816,E
2040255,2026-05-16T09:46:32,217.22,0.097,F,2759.62,9932.75,47.67812729,-122.24723816,E
2045322,2026-05-16T09:46:37,244.08,0.101,F,2759.23,9932.33,47.67812347,-122.24724579,E
2050413,2026-05-16T09:46:42,285.42,0.103,F,2758.74,9932.33,47.67812347,-122.24725342,E
2055482,2026-05-16T09:46:47,277.34,0.102,F,2758.23,9932.33,47.67812347,-122.24726105,E
2060543,2026-05-16T09:46:52,285.51,0.102,F,2757.74,9932.35,47.67812347,-122.24726868,E
2065630,2026-05-16T09:46:57,226.06,0.084,F,2757.28,9932.30,47.67812347,-122.24726868,E
2070685,2026-05-16T09:47:02,267.25,0.070,F,2756.99,9932.04,47.67812347,-122.24727631,E
2075732,2026-05-16T09:47:07,228.53,0.070,F,2756.65,9932.03,47.67812347,-122.24727631,E
2080817,2026-05-16T09:47:13,235.09,0.067,F,2756.40,9931.87,47.67811966,-122.24728394,E
2085898,2026-05-16T09:47:18,222.36,0.064,F,2756.14,9931.81,47.67811966,-122.24728394,E
2091000,2026-05-16T09:47:23,266.55,0.072,F,2755.91,9931.56,47.67811966,-122.24729156,E
2096070,2026-05-16T09:47:28,227.25,0.063,F,2755.58,9931.53,47.67811584,-122.24729156,E
2101159,2026-05-16T09:47:33,227.41,0.069,F,2755.33,9931.38,47.67811584,-122.24729919,E
2106266,2026-05-16T09:47:38,272.06,0.066,F,2755.01,9931.33,47.67811584,-122.24729919,E
2111302,2026-05-16T09:47:43,274.42,0.084,F,2754.64,9931.33,47.67811584,-122.24730682,E
2116394,2026-05-16T09:47:48,247.62,0.096,F,2754.17,9931.33,47.67811584,-122.24731445,E
2121462,2026-05-16T09:47:53,230.93,0.089,F,2753.88,9930.88,47.67811203,-122.24731445,E
2126515,2026-05-16T09:47:58,312.26,0.074,F,2753.52,9930.87,47.67811203,-122.24732208,E
2131583,2026-05-16T09:48:03,350.94,0.066,F,2753.36,9931.32,47.67811584,-122.24732208,E
2136665,2026-05-16T09:48:08,11.14,0.069,F,2753.37,9931.77,47.67811966,-122.24732208,E
2141725,2026-05-16T09:48:13,25.02,0.072,F,2753.50,9932.22,47.67812347,-122.24732208,E
2146791,2026-05-16T09:48:18,329.18,0.072,F,2753.54,9932.67,47.67812729,-122.24732208,E
2151872,2026-05-16T09:48:24,271.58,0.073,F,2753.20,9932.72,47.67812729,-122.24732971,E
2156944,2026-05-16T09:48:29,264.76,0.069,F,2752.83,9932.72,47.67812729,-122.24732971,E
2161946,2026-05-16T09:48:34,280.08,0.074,F,2752.48,9932.72,47.67812729,-122.24733734,E
2167020,2026-05-16T09:48:39,205.92,0.077,F,2752.13,9932.61,47.67812729,-122.24733734,E
2172126,2026-05-16T09:48:44,145.75,0.072,F,2752.17,9932.16,47.67812347,-122.24733734,E
2177128,2026-05-16T09:48:49,103.28,0.069,F,2752.46,9931.99,47.67812347,-122.24733734,E
2182200,2026-05-16T09:48:54,105.66,0.077,F,2752.82,9931.99,47.67812347,-122.24732971,E
2187286,2026-05-16T09:48:59,92.80,0.078,F,2753.20,9931.99,47.67812347,-122.24732971,E
2192331,2026-05-16T09:49:04,76.65,0.077,F,2753.57,9931.99,47.67812347,-122.24732208,E
2197418,2026-05-16T09:49:09,79.07,0.088,F,2753.95,9931.99,47.67812347,-122.24731445,E
2202457,2026-05-16T09:49:14,96.18,0.074,F,2754.33,9931.99,47.67812347,-122.24731445,E
2207545,2026-05-16T09:49:19,102.38,0.073,F,2754.69,9931.99,47.67812347,-122.24730682,E
2212642,2026-05-16T09:49:24,116.50,0.071,F,2755.05,9931.98,47.67812347,-122.24729919,E
2217713,2026-05-16T09:49:29,120.58,0.075,F,2755.41,9931.93,47.67811966,-122.24729919,E
2222716,2026-05-16T09:49:34,118.06,0.076,F,2755.77,9931.88,47.67811966,-122.24729156,E
2227819,2026-05-16T09:49:40,124.19,0.075,F,2756.14,9931.83,47.67811966,-122.24728394,E
2232823,2026-05-16T09:49:45,128.16,0.098,F,2756.49,9931.52,47.67811584,-122.24728394,E
2237908,2026-05-16T09:49:50,137.40,0.106,F,2756.86,9931.07,47.67811203,-122.24727631,E
2242993,2026-05-16T09:49:55,153.26,0.096,F,2757.18,9930.57,47.67810822,-122.24727631,E
2248074,2026-05-16T09:50:00,159.87,0.099,F,2757.33,9930.07,47.67810440,-122.24726868,E
2253171,2026-05-16T09:50:05,147.21,0.083,F,2757.54,9929.58,47.67810059,-122.24726868,E
2258266,2026-05-16T09:50:10,151.62,0.069,F,2757.76,9929.13,47.67809677,-122.24726868,E
2263360,2026-05-16T09:50:15,163.24,0.065,F,2757.84,9928.68,47.67809296,-122.24726105,E
2268450,2026-05-16T09:50:20,146.03,0.060,F,2757.97,9928.23,47.67808914,-122.24726105,E
2273537,2026-05-16T09:50:25,129.42,0.062,F,2758.16,9928.12,47.67808533,-122.24726105,E
2278629,2026-05-16T09:50:30,121.43,0.068,F,2758.42,9928.07,47.67808533,-122.24725342,E
2283725,2026-05-16T09:50:35,121.43,0.067,F,2758.68,9928.02,47.67808533,-122.24725342,E
2288800,2026-05-16T09:50:40,119.05,0.066,F,2758.94,9927.97,47.67808533,-122.24724579,E
2293873,2026-05-16T09:50:46,122.01,0.061,F,2759.20,9927.92,47.67808533,-122.24724579,E
2298873,2026-05-16T09:50:51,113.38,0.064,F,2759.45,9927.87,47.67808533,-122.24724579,E
2303959,2026-05-16T09:50:56,112.64,0.063,F,2759.72,9927.84,47.67808533,-122.24723816,E
2309044,2026-05-16T09:51:01,115.35,0.064,F,2759.99,9927.84,47.67808533,-122.24723816,E
2314107,2026-05-16T09:51:06,119.26,0.093,F,2760.35,9927.79,47.67808533,-122.24723053,E
2319183,2026-05-16T09:51:11,134.63,0.105,F,2760.74,9927.40,47.67808151,-122.24722290,E
2324251,2026-05-16T09:51:16,152.13,0.104,F,2761.03,9926.91,47.67807770,-122.24722290,E
2329344,2026-05-16T09:51:21,156.88,0.107,F,2761.28,9926.41,47.67807007,-122.24721527,E
2334346,2026-05-16T09:51:26,154.12,0.105,F,2761.52,9925.92,47.67806625,-122.24721527,E
2339454,2026-05-16T09:51:31,153.69,0.102,F,2761.76,9925.41,47.67806244,-122.24721527,E
2344547,2026-05-16T09:51:36,156.90,0.100,F,2762.00,9924.91,47.67805862,-122.24720764,E
2349633,2026-05-16T09:51:41,177.87,0.022,F,2762.05,9924.64,47.67805481,-122.24720764,E
2354709,2026-05-16T09:51:46,203.69,0.010,F,2762.05,9924.64,47.67805481,-122.24720764,E
2359764,2026-05-16T09:51:51,256.55,0.006,F,2762.04,9924.64,47.67805481,-122.24720764,E
2364837,2026-05-16T09:51:57,256.15,0.003,F,2762.04,9924.64,47.67805481,-122.24720764,E
2369902,2026-05-16T09:52:02,215.71,0.005,F,2762.04,9924.64,47.67805481,-122.24720764,E
2374946,2026-05-16T09:52:07,192.76,0.011,F,2762.03,9924.64,47.67805481,-122.24720764,E
2380017,2026-05-16T09:52:12,162.22,0.074,F,2762.06,9924.42,47.67805481,-122.24720764,E
2385095,2026-05-16T09:52:17,161.29,0.100,F,2762.18,9923.93,47.67805099,-122.24720764,E
2390190,2026-05-16T09:52:22,166.59,0.104,F,2762.36,9923.43,47.67804337,-122.24720764,E
2395273,2026-05-16T09:52:27,167.12,0.079,F,2762.48,9922.94,47.67803955,-122.24720001,E
2400334,2026-05-16T09:52:32,176.12,0.073,F,2762.54,9922.49,47.67803574,-122.24720001,E
2405425,2026-05-16T09:52:37,179.37,0.066,F,2762.54,9922.04,47.67803192,-122.24720001,E
2410438,2026-05-16T09:52:42,169.21,0.068,F,2762.57,9921.60,47.67802811,-122.24720001,E
2415487,2026-05-16T09:52:47,157.73,0.070,F,2762.69,9921.15,47.67802429,-122.24720001,E
2420591,2026-05-16T09:52:52,170.32,0.063,F,2762.79,9920.70,47.67802048,-122.24720001,E
2425693,2026-05-16T09:52:57,153.68,0.074,F,2762.88,9920.25,47.67801666,-122.24720001,E
2430763,2026-05-16T09:53:02,136.31,0.073,F,2763.12,9919.80,47.67801285,-122.24719238,E
2435832,2026-05-16T09:53:08,157.79,0.076,F,2763.27,9919.35,47.67800903,-122.24719238,E
2440937,2026-05-16T09:53:13,144.10,0.076,F,2763.48,9918.89,47.67800522,-122.24719238,E
2446004,2026-05-16T09:53:18,137.07,0.070,F,2763.72,9918.45,47.67800140,-122.24718475,E
2451069,2026-05-16T09:53:23,135.70,0.075,F,2763.97,9918.04,47.67799759,-122.24718475,E
2456163,2026-05-16T09:53:28,126.61,0.073,F,2764.23,9917.82,47.67799377,-122.24717712,E
2461245,2026-05-16T09:53:33,117.88,0.073,F,2764.55,9917.77,47.67799377,-122.24717712,E
2466321,2026-05-16T09:53:38,113.35,0.075,F,2764.89,9917.72,47.67799377,-122.24716949,E
2471392,2026-05-16T09:53:43,123.70,0.068,F,2765.24,9917.67,47.67799377,-122.24716187,E
2476439,2026-05-16T09:53:48,123.55,0.069,F,2765.50,9917.54,47.67799377,-122.24716187,E
2481539,2026-05-16T09:53:53,114.80,0.072,F,2765.85,9917.49,47.67798996,-122.24715424,E
2486601,2026-05-16T09:53:58,122.21,0.074,F,2766.15,9917.43,47.67798996,-122.24715424,E
2491650,2026-05-16T09:54:03,119.00,0.073,F,2766.51,9917.38,47.67798996,-122.24714661,E
2496733,2026-05-16T09:54:08,133.64,0.070,F,2766.81,9917.32,47.67798996,-122.24714661,E
2501806,2026-05-16T09:54:14,120.38,0.078,F,2767.12,9917.25,47.67798996,-122.24713898,E
2506861,2026-05-16T09:54:19,131.63,0.069,F,2767.45,9917.19,47.67798996,-122.24713898,E
2511944,2026-05-16T09:54:24,118.02,0.057,F,2767.72,9917.13,47.67798996,-122.24713135,E
2517024,2026-05-16T09:54:29,119.57,0.013,F,2767.85,9917.13,47.67798996,-122.24713135,E
2522075,2026-05-16T09:54:34,123.72,0.002,F,2767.86,9917.13,47.67798996,-122.24713135,E
2527152,2026-05-16T09:54:39,141.60,0.003,F,2767.86,9917.13,47.67798996,-122.24713135,E
2532213,2026-05-16T09:54:44,160.41,0.001,F,2767.86,9917.13,47.67798996,-122.24713135,E
2537284,2026-05-16T09:54:49,207.02,0.005,F,2767.86,9917.13,47.67798996,-122.24713135,E
2542356,2026-05-16T09:54:54,227.03,0.002,F,2767.86,9917.13,47.67798996,-122.24713135,E
2547432,2026-05-16T09:54:59,288.43,0.020,F,2767.79,9917.13,47.67798996,-122.24713135,E
2552511,2026-05-16T09:55:04,320.18,0.096,F,2767.58,9917.26,47.67798996,-122.24713135,E
2557598,2026-05-16T09:55:09,330.18,0.104,F,2767.29,9917.75,47.67799377,-122.24713898,E
2562642,2026-05-16T09:55:14,330.18,0.089,F,2767.05,9918.25,47.67799759,-122.24713898,E
2567738,2026-05-16T09:55:19,349.61,0.076,F,2766.90,9918.70,47.67800140,-122.24714661,E
2572824,2026-05-16T09:55:25,16.72,0.076,F,2766.91,9919.15,47.67800522,-122.24714661,E
2577891,2026-05-16T09:55:30,27.39,0.072,F,2767.05,9919.60,47.67800903,-122.24713898,E
2582986,2026-05-16T09:55:35,21.03,0.076,F,2767.18,9920.05,47.67801285,-122.24713898,E
2588054,2026-05-16T09:55:40,18.12,0.074,F,2767.29,9920.50,47.67801666,-122.24713898,E
2593145,2026-05-16T09:55:45,26.55,0.096,F,2767.47,9920.97,47.67802429,-122.24713898,E
2598229,2026-05-16T09:55:50,29.62,0.108,F,2767.71,9921.48,47.67802811,-122.24713135,E
2603255,2026-05-16T09:55:55,32.67,0.111,F,2767.97,9921.97,47.67803192,-122.24713135,E
2608342,2026-05-16T09:56:00,17.29,0.108,F,2768.21,9922.47,47.67803574,-122.24712372,E
2613418,2026-05-16T09:56:05,340.28,0.114,F,2768.15,9922.97,47.67803955,-122.24712372,E
2618483,2026-05-16T09:56:10,304.11,0.112,F,2767.86,9923.46,47.67804337,-122.24713135,E
2623552,2026-05-16T09:56:15,297.56,0.104,F,2767.37,9923.88,47.67804718,-122.24713898,E
2628618,2026-05-16T09:56:20,264.22,0.101,F,2766.88,9923.88,47.67804718,-122.24714661,E
2633689,2026-05-16T09:56:25,269.99,0.110,F,2766.37,9923.88,47.67804718,-122.24715424,E
2638774,2026-05-16T09:56:30,275.67,0.112,F,2765.83,9923.88,47.67804718,-122.24715424,E
2643836,2026-05-16T09:56:36,238.59,0.102,F,2765.31,9923.75,47.67804718,-122.24716187,E
2648908,2026-05-16T09:56:41,258.19,0.081,F,2764.94,9923.39,47.67804337,-122.24716949,E
2653979,2026-05-16T09:56:46,275.07,0.073,F,2764.56,9923.39,47.67804337,-122.24717712,E
2659073,2026-05-16T09:56:51,238.63,0.073,F,2764.20,9923.37,47.67804337,-122.24717712,E
2664168,2026-05-16T09:56:56,266.51,0.075,F,2763.83,9923.36,47.67804337,-122.24718475,E
2669256,2026-05-16T09:57:01,274.64,0.098,F,2763.39,9923.36,47.67804337,-122.24719238,E
2674311,2026-05-16T09:57:06,290.53,0.109,F,2762.88,9923.38,47.67804337,-122.24720001,E
2679360,2026-05-16T09:57:11,300.23,0.109,F,2762.39,9923.59,47.67804718,-122.24720001,E
2684446,2026-05-16T09:57:16,325.58,0.110,F,2762.03,9924.07,47.67805099,-122.24720764,E
2689524,2026-05-16T09:57:21,308.60,0.113,F,2761.66,9924.55,47.67805481,-122.24721527,E
2694608,2026-05-16T09:57:26,293.63,0.100,F,2761.21,9924.97,47.67805862,-122.24722290,E
2699703,2026-05-16T09:57:31,284.90,0.059,F,2760.75,9925.00,47.67805862,-122.24722290,E
2704765,2026-05-16T09:57:36,255.34,0.100,F,2760.37,9925.00,47.67805862,-122.24723053,E
2709822,2026-05-16T09:57:42,298.47,0.112,F,2759.88,9925.24,47.67806244,-122.24723816,E
2714892,2026-05-16T09:57:47,311.21,0.105,F,2759.45,9925.69,47.67806625,-122.24724579,E
2719943,2026-05-16T09:57:52,349.29,0.109,F,2759.21,9926.18,47.67807007,-122.24724579,E
2725030,2026-05-16T09:57:57,352.23,0.108,F,2759.14,9926.68,47.67807388,-122.24724579,E
2730103,2026-05-16T09:58:02,12.71,0.087,F,2759.08,9927.18,47.67807770,-122.24724579,E
2735171,2026-05-16T09:58:07,41.57,0.017,F,2759.16,9927.37,47.67808151,-122.24724579,E
2740262,2026-05-16T09:58:12,33.44,0.042,F,2759.19,9927.37,47.67808151,-122.24724579,E
2745352,2026-05-16T09:58:17,12.66,0.091,F,2759.32,9927.77,47.67808533,-122.24724579,E
2750431,2026-05-16T09:58:22,8.91,0.102,F,2759.41,9928.27,47.67808914,-122.24724579,E
2755506,2026-05-16T09:58:27,298.70,0.074,F,2759.26,9928.61,47.67809296,-122.24724579,E
2760569,2026-05-16T09:58:32,351.83,0.079,F,2759.06,9928.95,47.67809296,-122.24724579,E
2765634,2026-05-16T09:58:37,11.97,0.074,F,2759.06,9929.40,47.67809677,-122.24724579,E
2770639,2026-05-16T09:58:42,18.45,0.036,F,2759.18,9929.75,47.67810059,-122.24724579,E
2775726,2026-05-16T09:58:47,324.61,0.007,F,2759.21,9929.75,47.67810059,-122.24724579,E
2780815,2026-05-16T09:58:53,224.28,0.005,F,2759.21,9929.75,47.67810059,-122.24724579,E
2785874,2026-05-16T09:58:58,318.59,0.001,F,2759.21,9929.75,47.67810059,-122.24724579,E
2790932,2026-05-16T09:59:03,19.24,0.005,F,2759.21,9929.75,47.67810059,-122.24724579,E
2795936,2026-05-16T09:59:08,36.58,0.001,F,2759.21,9929.75,47.67810059,-122.24724579,E
2801023,2026-05-16T09:59:13,49.34,0.060,F,2759.28,9929.77,47.67810059,-122.24724579,E
2806106,2026-05-16T09:59:18,59.30,0.100,F,2759.62,9930.16,47.67810440,-122.24723816,E
2811211,2026-05-16T09:59:23,60.92,0.085,F,2760.03,9930.32,47.67810822,-122.24723816,E
2816279,2026-05-16T09:59:28,55.56,0.082,F,2760.37,9930.44,47.67810822,-122.24723053,E
2821369,2026-05-16T09:59:33,34.54,0.019,F,2760.53,9930.47,47.67810822,-122.24723053,E
2826442,2026-05-16T09:59:38,31.65,0.067,F,2760.59,9930.55,47.67810822,-122.24723053,E
2831527,2026-05-16T09:59:43,39.33,0.097,F,2760.85,9931.00,47.67811203,-122.24722290,E
2836597,2026-05-16T09:59:48,38.68,0.021,F,2761.04,9931.14,47.67811584,-122.24722290,E
2841644,2026-05-16T09:59:53,342.97,0.011,F,2761.04,9931.14,47.67811584,-122.24722290,E
2846720,2026-05-16T09:59:58,350.95,0.078,F,2760.97,9931.36,47.67811584,-122.24722290,E
2851780,2026-05-16T10:00:03,353.90,0.114,F,2760.93,9931.86,47.67811966,-122.24722290,E
2856792,2026-05-16T10:00:08,328.73,0.090,F,2760.70,9932.35,47.67812347,-122.24722290,E
2861882,2026-05-16T10:00:14,325.30,0.023,F,2760.52,9932.42,47.67812729,-122.24723053,E
2866982,2026-05-16T10:00:19,39.23,0.005,F,2760.52,9932.42,47.67812729,-122.24723053,E
2872053,2026-05-16T10:00:24,335.44,0.002,F,2760.52,9932.42,47.67812729,-122.24723053,E
2877148,2026-05-16T10:00:29,200.29,0.004,F,2760.52,9932.42,47.67812729,-122.24723053,E
2882233,2026-05-16T10:00:34,301.76,0.028,F,2760.40,9932.42,47.67812729,-122.24723053,E
2887316,2026-05-16T10:00:39,290.48,0.071,F,2760.21,9932.42,47.67812729,-122.24723053,E
2892399,2026-05-16T10:00:44,323.05,0.095,F,2759.93,9932.79,47.67812729,-122.24723816,E
2897493,2026-05-16T10:00:49,334.44,0.065,F,2759.77,9933.25,47.67813492,-122.24723816,E
2902580,2026-05-16T10:00:54,282.12,0.079,F,2759.54,9933.30,47.67813492,-122.24723816,E
2907582,2026-05-16T10:00:59,315.41,0.118,F,2759.07,9933.45,47.67813492,-122.24724579,E
2912653,2026-05-16T10:01:04,336.60,0.121,F,2758.80,9933.95,47.67813873,-122.24725342,E
2917695,2026-05-16T10:01:09,324.11,0.102,F,2758.64,9934.45,47.67814255,-122.24725342,E
2922769,2026-05-16T10:01:14,259.55,0.108,F,2758.18,9934.55,47.67814636,-122.24726105,E
2927828,2026-05-16T10:01:20,262.01,0.095,F,2757.62,9934.54,47.67814636,-122.24726868,E
2932904,2026-05-16T10:01:25,303.07,0.100,F,2757.24,9934.60,47.67814636,-122.24726868,E
2937968,2026-05-16T10:01:30,308.37,0.120,F,2756.82,9935.06,47.67815018,-122.24727631,E
2943039,2026-05-16T10:01:35,297.19,0.117,F,2756.37,9935.53,47.67815399,-122.24728394,E
2948135,2026-05-16T10:01:40,294.94,0.124,F,2755.76,9935.64,47.67815399,-122.24729156,E
2953209,2026-05-16T10:01:45,307.22,0.128,F,2755.24,9936.09,47.67815781,-122.24729919,E
2958306,2026-05-16T10:01:50,321.18,0.122,F,2754.77,9936.59,47.67816162,-122.24730682,E
2963391,2026-05-16T10:01:55,312.11,0.117,F,2754.35,9937.07,47.67816544,-122.24730682,E
2968486,2026-05-16T10:02:00,351.21,0.029,F,2754.14,9937.25,47.67816925,-122.24731445,E
2973561,2026-05-16T10:02:05,18.36,0.007,F,2754.10,9937.25,47.67816925,-122.24731445,E
2978644,2026-05-16T10:02:10,313.07,0.004,F,2754.10,9937.25,47.67816925,-122.24731445,E
2983730,2026-05-16T10:02:15,317.97,0.090,F,2753.86,9937.38,47.67816925,-122.24731445,E
2988813,2026-05-16T10:02:21,293.79,0.116,F,2753.47,9937.80,47.67817307,-122.24732208,E
2993863,2026-05-16T10:02:26,298.77,0.114,F,2752.94,9938.06,47.67817688,-122.24732971,E
2998919,2026-05-16T10:02:31,316.03,0.086,F,2752.52,9938.33,47.67817688,-122.24733734,E
3003993,2026-05-16T10:02:36,319.56,0.072,F,2752.31,9938.78,47.67818451,-122.24733734,E
3009073,2026-05-16T10:02:41,309.21,0.067,F,2752.06,9939.00,47.67818451,-122.24733734,E
3014131,2026-05-16T10:02:46,317.24,0.060,F,2751.88,9939.33,47.67818832,-122.24734497,E
3019207,2026-05-16T10:02:51,324.37,0.068,F,2751.64,9939.62,47.67818832,-122.24734497,E
3024270,2026-05-16T10:02:56,317.93,0.069,F,2751.43,9940.02,47.67819214,-122.24735260,E
3029341,2026-05-16T10:03:01,306.89,0.020,F,2751.24,9940.10,47.67819595,-122.24735260,E
3034423,2026-05-16T10:03:06,348.76,0.005,F,2751.22,9940.10,47.67819595,-122.24735260,E
3039456,2026-05-16T10:03:11,239.12,0.001,F,2751.22,9940.10,47.67819595,-122.24735260,E
3044505,2026-05-16T10:03:16,310.51,0.001,F,2751.22,9940.10,47.67819595,-122.24735260,E
3049556,2026-05-16T10:03:21,310.27,0.038,F,2751.19,9940.10,47.67819595,-122.24735260,E
3054608,2026-05-16T10:03:26,326.14,0.103,F,2750.97,9940.45,47.67819595,-122.24735260,E
3059679,2026-05-16T10:03:31,345.28,0.112,F,2750.75,9940.95,47.67820358,-122.24736023,E
3064761,2026-05-16T10:03:36,319.20,0.082,F,2750.58,9941.44,47.67820740,-122.24736023,E
3069818,2026-05-16T10:03:42,292.87,0.074,F,2750.24,9941.61,47.67820740,-122.24736786,E
3074821,2026-05-16T10:03:47,288.78,0.066,F,2749.88,9941.61,47.67820740,-122.24736786,E
3079854,2026-05-16T10:03:52,289.72,0.074,F,2749.54,9941.63,47.67820740,-122.24737549,E
3084930,2026-05-16T10:03:57,293.68,0.064,F,2749.20,9941.66,47.67820740,-122.24738312,E
3090013,2026-05-16T10:04:02,297.04,0.071,F,2748.84,9941.67,47.67820740,-122.24738312,E
3095084,2026-05-16T10:04:07,283.44,0.073,F,2748.48,9941.71,47.67820740,-122.24739075,E
3100127,2026-05-16T10:04:12,277.47,0.074,F,2748.12,9941.71,47.67820740,-122.24739075,E
3105203,2026-05-16T10:04:17,303.04,0.075,F,2747.76,9941.72,47.67820740,-122.24739838,E
3110293,2026-05-16T10:04:22,298.89,0.072,F,2747.44,9941.77,47.67821121,-122.24740601,E
3115350,2026-05-16T10:04:27,239.72,0.070,F,2747.10,9941.78,47.67821121,-122.24740601,E
3120411,2026-05-16T10:04:32,177.11,0.058,F,2746.97,9941.42,47.67820740,-122.24740601,E
3125464,2026-05-16T10:04:37,170.39,0.011,F,2746.97,9941.35,47.67820740,-122.24740601,E
3130527,2026-05-16T10:04:42,119.95,0.009,F,2746.99,9941.35,47.67820740,-122.24740601,E
3135618,2026-05-16T10:04:47,60.38,0.003,F,2746.99,9941.35,47.67820740,-122.24740601,E
3140706,2026-05-16T10:04:52,34.76,0.029,F,2747.00,9941.35,47.67820740,-122.24740601,E
3145799,2026-05-16T10:04:57,4.31,0.035,F,2747.03,9941.36,47.67820740,-122.24740601,E
3150897,2026-05-16T10:05:03,337.42,0.115,F,2746.83,9941.76,47.67821121,-122.24741364,E
3155993,2026-05-16T10:05:08,295.11,0.122,F,2746.44,9942.21,47.67821503,-122.24741364,E
3161094,2026-05-16T10:05:13,308.25,0.121,F,2745.94,9942.58,47.67821503,-122.24742126,E
3166167,2026-05-16T10:05:18,314.77,0.101,F,2745.55,9943.07,47.67822266,-122.24742889,E
3171253,2026-05-16T10:05:23,314.61,0.103,F,2745.16,9943.51,47.67822647,-122.24743652,E
3176322,2026-05-16T10:05:28,320.28,0.112,F,2744.78,9943.97,47.67823029,-122.24743652,E
3181324,2026-05-16T10:05:33,341.71,0.091,F,2744.56,9944.46,47.67823410,-122.24744415,E
3186412,2026-05-16T10:05:38,230.34,0.084,F,2744.29,9944.72,47.67823792,-122.24744415,E
3191458,2026-05-16T10:05:43,270.95,0.071,F,2743.96,9944.47,47.67823410,-122.24745178,E
3196522,2026-05-16T10:05:48,292.05,0.075,F,2743.60,9944.47,47.67823410,-122.24745178,E
3201581,2026-05-16T10:05:53,288.07,0.061,F,2743.30,9944.52,47.67823410,-122.24745941,E
3206659,2026-05-16T10:05:58,294.95,0.067,F,2743.01,9944.52,47.67823410,-122.24745941,E
3211738,2026-05-16T10:06:03,311.40,0.075,F,2742.69,9944.69,47.67823410,-122.24746704,E
3216801,2026-05-16T10:06:08,317.19,0.068,F,2742.43,9944.86,47.67823792,-122.24746704,E
3221886,2026-05-16T10:06:14,325.09,0.075,F,2742.19,9945.30,47.67824173,-122.24747467,E
3226974,2026-05-16T10:06:19,337.10,0.072,F,2742.04,9945.75,47.67824554,-122.24747467,E
3232076,2026-05-16T10:06:24,334.96,0.074,F,2741.91,9946.21,47.67824936,-122.24747467,E
3237094,2026-05-16T10:06:29,314.54,0.072,F,2741.71,9946.65,47.67825317,-122.24748230,E
3242148,2026-05-16T10:06:34,313.35,0.071,F,2741.44,9946.89,47.67825699,-122.24748230,E
3247234,2026-05-16T10:06:39,318.40,0.077,F,2741.19,9947.16,47.67825699,-122.24748230,E
3252329,2026-05-16T10:06:44,325.15,0.075,F,2740.95,9947.61,47.67826080,-122.24748993,E
3257403,2026-05-16T10:06:49,332.97,0.062,F,2740.78,9948.06,47.67826462,-122.24748993,E
3262505,2026-05-16T10:06:54,315.19,0.070,F,2740.57,9948.27,47.67826843,-122.24749756,E
3267577,2026-05-16T10:06:59,314.94,0.071,F,2740.33,9948.71,47.67827225,-122.24749756,E
3272655,2026-05-16T10:07:04,282.54,0.067,F,2740.03,9948.79,47.67827225,-122.24749756,E
3277761,2026-05-16T10:07:09,277.21,0.074,F,2739.67,9948.79,47.67827225,-122.24750519,E
3282845,2026-05-16T10:07:15,303.05,0.074,F,2739.32,9948.83,47.67827225,-122.24751282,E
3287924,2026-05-16T10:07:20,313.90,0.075,F,2739.05,9949.04,47.67827606,-122.24751282,E
3293000,2026-05-16T10:07:25,329.26,0.066,F,2738.85,9949.50,47.67827988,-122.24752045,E
3298089,2026-05-16T10:07:30,326.95,0.071,F,2738.61,9949.77,47.67827988,-122.24752045,E
3303182,2026-05-16T10:07:35,331.46,0.070,F,2738.45,9950.22,47.67828369,-122.24752045,E
3308268,2026-05-16T10:07:40,338.09,0.070,F,2738.25,9950.65,47.67828751,-122.24752808,E
3313350,2026-05-16T10:07:45,327.64,0.064,F,2738.12,9951.10,47.67829514,-122.24752808,E
3318428,2026-05-16T10:07:50,297.50,0.072,F,2737.85,9951.28,47.67829514,-122.24752808,E
3323528,2026-05-16T10:07:55,333.78,0.077,F,2737.60,9951.60,47.67829895,-122.24753571,E
3328577,2026-05-16T10:08:00,0.52,0.074,F,2737.52,9952.05,47.67830276,-122.24753571,E
3333646,2026-05-16T10:08:05,336.01,0.073,F,2737.44,9952.50,47.67830658,-122.24753571,E
3338743,2026-05-16T10:08:10,11.55,0.070,F,2737.40,9952.95,47.67831039,-122.24753571,E
3343817,2026-05-16T10:08:16,356.79,0.069,F,2737.41,9953.40,47.67831421,-122.24753571,E
3348903,2026-05-16T10:08:21,7.20,0.073,F,2737.42,9953.86,47.67831802,-122.24753571,E
3353969,2026-05-16T10:08:26,312.53,0.066,F,2737.37,9954.29,47.67832184,-122.24753571,E
3359074,2026-05-16T10:08:31,286.98,0.068,F,2737.10,9954.31,47.67832184,-122.24754333,E
3364165,2026-05-16T10:08:36,281.25,0.067,F,2736.75,9954.32,47.67832184,-122.24754333,E
3369232,2026-05-16T10:08:41,284.01,0.070,F,2736.39,9954.32,47.67832184,-122.24755096,E
3374301,2026-05-16T10:08:46,289.55,0.069,F,2736.03,9954.34,47.67832184,-122.24755096,E
3379367,2026-05-16T10:08:51,282.16,0.065,F,2735.70,9954.37,47.67832184,-122.24755859,E
3384421,2026-05-16T10:08:56,276.30,0.067,F,2735.37,9954.37,47.67832184,-122.24756622,E
3389489,2026-05-16T10:09:01,248.86,0.069,F,2735.06,9954.37,47.67832184,-122.24756622,E
3394574,2026-05-16T10:09:06,322.88,0.061,F,2734.75,9954.40,47.67832184,-122.24757385,E
3399635,2026-05-16T10:09:11,344.21,0.066,F,2734.63,9954.83,47.67832565,-122.24757385,E
3404690,2026-05-16T10:09:16,302.58,0.072,F,2734.42,9955.11,47.67832947,-122.24757385,E
3409781,2026-05-16T10:09:21,301.12,0.067,F,2734.06,9955.16,47.67832947,-122.24758148,E
3414851,2026-05-16T10:09:27,304.52,0.071,F,2733.77,9955.20,47.67832947,-122.24758148,E
3419936,2026-05-16T10:09:32,289.26,0.063,F,2733.52,9955.24,47.67832947,-122.24758911,E
3424984,2026-05-16T10:09:37,270.03,0.047,F,2733.26,9955.24,47.67832947,-122.24758911,E
3430078,2026-05-16T10:09:42,267.06,0.061,F,2732.97,9955.24,47.67832947,-122.24759674,E
3435156,2026-05-16T10:09:47,273.81,0.056,F,2732.71,9955.24,47.67832947,-122.24759674,E
3440217,2026-05-16T10:09:52,288.21,0.070,F,2732.36,9955.24,47.67832947,-122.24760437,E
3445268,2026-05-16T10:09:57,289.03,0.063,F,2732.06,9955.28,47.67832947,-122.24760437,E
3450326,2026-05-16T10:10:02,298.30,0.028,F,2731.79,9955.28,47.67832947,-122.24761200,E
3455407,2026-05-16T10:10:07,302.49,0.052,F,2731.69,9955.28,47.67832947,-122.24761200,E
3460456,2026-05-16T10:10:12,316.21,0.110,F,2731.35,9955.61,47.67833328,-122.24761963,E
3465523,2026-05-16T10:10:17,306.12,0.125,F,2730.96,9956.10,47.67833710,-122.24761963,E
3470582,2026-05-16T10:10:22,321.14,0.130,F,2730.48,9956.58,47.67834091,-122.24762726,E
3475669,2026-05-16T10:10:27,1.95,0.045,F,2730.19,9957.03,47.67834854,-122.24763489,E
3480761,2026-05-16T10:10:32,347.05,0.058,F,2730.19,9957.08,47.67834854,-122.24763489,E
3485842,2026-05-16T10:10:38,337.48,0.106,F,2730.05,9957.57,47.67835236,-122.24763489,E
3490921,2026-05-16T10:10:43,313.04,0.090,F,2729.76,9958.01,47.67835617,-122.24763489,E
3495992,2026-05-16T10:10:48,337.21,0.097,F,2729.48,9958.49,47.67835999,-122.24764252,E
3501050,2026-05-16T10:10:53,331.83,0.056,F,2729.33,9958.97,47.67836380,-122.24764252,E
3506133,2026-05-16T10:10:58,34.19,0.010,F,2729.32,9959.00,47.67836380,-122.24764252,E
3511226,2026-05-16T10:11:03,32.99,0.002,F,2729.32,9959.00,47.67836380,-122.24764252,E
3516317,2026-05-16T10:11:08,33.24,0.004,F,2729.32,9959.00,47.67836380,-122.24764252,E
3521414,2026-05-16T10:11:13,35.00,0.045,F,2729.34,9959.00,47.67836380,-122.24764252,E
3526508,2026-05-16T10:11:18,7.05,0.109,F,2729.53,9959.41,47.67836761,-122.24764252,E
3531593,2026-05-16T10:11:23,302.27,0.117,F,2729.25,9959.90,47.67837143,-122.24764252,E
3536631,2026-05-16T10:11:28,308.40,0.114,F,2728.75,9960.34,47.67837524,-122.24765015,E
3541667,2026-05-16T10:11:33,303.83,0.096,F,2728.38,9960.80,47.67837906,-122.24765778,E
3546741,2026-05-16T10:11:38,305.02,0.102,F,2727.94,9961.01,47.67838287,-122.24766541,E
3551823,2026-05-16T10:11:44,350.58,0.106,F,2727.65,9961.48,47.67838669,-122.24766541,E
3556894,2026-05-16T10:11:49,330.81,0.085,F,2727.44,9961.95,47.67839050,-122.24766541,E
3561961,2026-05-16T10:11:54,334.97,0.073,F,2727.29,9962.40,47.67839432,-122.24767303,E
3567031,2026-05-16T10:11:59,340.07,0.075,F,2727.15,9962.85,47.67839813,-122.24767303,E
3572105,2026-05-16T10:12:04,349.57,0.063,F,2727.10,9963.30,47.67840195,-122.24767303,E
3577171,2026-05-16T10:12:09,27.93,0.061,F,2727.15,9963.74,47.67840576,-122.24767303,E
3582224,2026-05-16T10:12:14,303.13,0.073,F,2727.10,9964.15,47.67840958,-122.24767303,E
3587303,2026-05-16T10:12:19,296.02,0.067,F,2726.74,9964.17,47.67840958,-122.24768066,E
3592390,2026-05-16T10:12:24,312.61,0.061,F,2726.47,9964.22,47.67840958,-122.24768066,E
3597472,2026-05-16T10:12:29,272.08,0.056,F,2726.23,9964.24,47.67840958,-122.24768829,E
3602509,2026-05-16T10:12:34,299.02,0.063,F,2725.97,9964.25,47.67841339,-122.24768829,E
3607570,2026-05-16T10:12:39,287.44,0.060,F,2725.71,9964.28,47.67841339,-122.24769592,E
3612652,2026-05-16T10:12:44,261.16,0.059,F,2725.45,9964.28,47.67841339,-122.24769592,E
3617729,2026-05-16T10:12:49,284.40,0.064,F,2725.16,9964.28,47.67841339,-122.24769592,E
3622783,2026-05-16T10:12:54,318.83,0.050,F,2724.94,9964.31,47.67841339,-122.24770355,E
3627878,2026-05-16T10:13:00,348.03,0.030,F,2724.83,9964.36,47.67841339,-122.24770355,E
3632916,2026-05-16T10:13:05,330.83,0.008,F,2724.83,9964.36,47.67841339,-122.24770355,E
3638006,2026-05-16T10:13:10,296.28,0.068,F,2724.73,9964.37,47.67841339,-122.24770355,E
3643057,2026-05-16T10:13:15,278.87,0.100,F,2724.33,9964.39,47.67841339,-122.24771118,E
3648127,2026-05-16T10:13:20,280.83,0.027,F,2724.00,9964.39,47.67841339,-122.24771118,E
3653220,2026-05-16T10:13:25,299.65,0.061,F,2723.80,9964.42,47.67841339,-122.24771881,E
3658314,2026-05-16T10:13:30,289.44,0.059,F,2723.55,9964.44,47.67841339,-122.24771881,E
3663406,2026-05-16T10:13:35,299.41,0.055,F,2723.30,9964.44,47.67841339,-122.24772644,E
3668501,2026-05-16T10:13:40,296.55,0.061,F,2723.04,9964.46,47.67841339,-122.24772644,E
3673558,2026-05-16T10:13:45,293.42,0.067,F,2722.78,9964.51,47.67841339,-122.24773407,E
3678641,2026-05-16T10:13:50,294.54,0.072,F,2722.44,9964.53,47.67841339,-122.24773407,E
3683700,2026-05-16T10:13:55,291.63,0.067,F,2722.08,9964.54,47.67841339,-122.24774170,E
3688779,2026-05-16T10:14:00,280.25,0.073,F,2721.74,9964.56,47.67841339,-122.24774170,E
3693869,2026-05-16T10:14:06,288.36,0.071,F,2721.38,9964.56,47.67841339,-122.24774933,E
3698954,2026-05-16T10:14:11,303.78,0.072,F,2721.03,9964.60,47.67841339,-122.24775696,E
3704050,2026-05-16T10:14:16,295.75,0.075,F,2720.69,9964.66,47.67841339,-122.24775696,E
3709146,2026-05-16T10:14:21,286.97,0.067,F,2720.33,9964.70,47.67841721,-122.24776459,E
3714239,2026-05-16T10:14:26,281.81,0.065,F,2719.96,9964.70,47.67841721,-122.24777222,E
3719306,2026-05-16T10:14:31,294.90,0.071,F,2719.60,9964.71,47.67841721,-122.24777222,E
3724363,2026-05-16T10:14:36,297.36,0.068,F,2719.28,9964.76,47.67841721,-122.24777985,E
3729422,2026-05-16T10:14:41,304.52,0.074,F,2718.94,9964.81,47.67841721,-122.24777985,E
3734490,2026-05-16T10:14:46,320.48,0.073,F,2718.68,9965.01,47.67841721,-122.24778748,E
3739576,2026-05-16T10:14:51,326.26,0.076,F,2718.44,9965.47,47.67842102,-122.24778748,E
3744644,2026-05-16T10:14:56,343.88,0.072,F,2718.26,9965.92,47.67842484,-122.24779510,E
3749713,2026-05-16T10:15:01,333.18,0.071,F,2718.15,9966.36,47.67842865,-122.24779510,E
3754775,2026-05-16T10:15:06,309.98,0.078,F,2717.91,9966.79,47.67843246,-122.24779510,E
3759854,2026-05-16T10:15:12,312.79,0.066,F,2717.67,9967.15,47.67843628,-122.24780273,E
3764931,2026-05-16T10:15:17,306.28,0.068,F,2717.41,9967.19,47.67843628,-122.24780273,E
3770028,2026-05-16T10:15:22,340.94,0.076,F,2717.19,9967.58,47.67844009,-122.24780273,E
3775032,2026-05-16T10:15:27,356.54,0.077,F,2717.15,9968.02,47.67844391,-122.24780273,E
3780082,2026-05-16T10:15:32,12.55,0.069,F,2717.20,9968.47,47.67844772,-122.24780273,E
3785167,2026-05-16T10:15:37,359.40,0.067,F,2717.18,9968.92,47.67845154,-122.24780273,E
3790233,2026-05-16T10:15:42,15.21,0.070,F,2717.26,9969.37,47.67845917,-122.24780273,E
3795310,2026-05-16T10:15:47,10.70,0.074,F,2717.37,9969.82,47.67846298,-122.24780273,E
3800375,2026-05-16T10:15:52,29.30,0.076,F,2717.47,9970.27,47.67846680,-122.24780273,E
3805445,2026-05-16T10:15:57,21.44,0.073,F,2717.60,9970.72,47.67847061,-122.24780273,E
3810521,2026-05-16T10:16:02,12.64,0.078,F,2717.76,9971.17,47.67847443,-122.24779510,E
3815611,2026-05-16T10:16:07,298.32,0.073,F,2717.53,9971.50,47.67847824,-122.24780273,E
3820684,2026-05-16T10:16:12,282.88,0.025,F,2717.27,9971.51,47.67847824,-122.24780273,E
3825761,2026-05-16T10:16:17,37.40,0.006,F,2717.24,9971.51,47.67847824,-122.24780273,E
3830830,2026-05-16T10:16:23,37.81,0.006,F,2717.24,9971.51,47.67847824,-122.24780273,E
3835912,2026-05-16T10:16:28,233.09,0.001,F,2717.24,9971.51,47.67847824,-122.24780273,E
3840982,2026-05-16T10:16:33,240.14,0.000,F,2717.24,9971.51,47.67847824,-122.24780273,E
3846078,2026-05-16T10:16:38,328.28,0.002,F,2717.24,9971.51,47.67847824,-122.24780273,E
3851085,2026-05-16T10:16:43,319.84,0.015,F,2717.24,9971.51,47.67847824,-122.24780273,E
3856171,2026-05-16T10:16:48,170.17,0.010,F,2717.22,9971.51,47.67847824,-122.24780273,E
3861246,2026-05-16T10:16:53,269.71,0.002,F,2717.22,9971.51,47.67847824,-122.24780273,E
3866349,2026-05-16T10:16:58,14.11,0.007,F,2717.21,9971.51,47.67847824,-122.24780273,E
3871392,2026-05-16T10:17:03,47.44,0.024,F,2717.23,9971.51,47.67847824,-122.24780273,E
3876441,2026-05-16T10:17:08,47.19,0.046,F,2717.32,9971.52,47.67847824,-122.24780273,E
3881501,2026-05-16T10:17:13,43.81,0.068,F,2717.53,9971.57,47.67847824,-122.24780273,E
3886572,2026-05-16T10:17:18,36.72,0.107,F,2717.85,9972.02,47.67848206,-122.24779510,E
3891655,2026-05-16T10:17:23,30.46,0.086,F,2718.11,9972.51,47.67848587,-122.24779510,E
3896733,2026-05-16T10:17:28,34.17,0.083,F,2718.35,9972.96,47.67848969,-122.24778748,E
3901800,2026-05-16T10:17:33,38.19,0.114,F,2718.63,9973.44,47.67849350,-122.24778748,E
3906867,2026-05-16T10:17:39,39.43,0.105,F,2718.99,9973.94,47.67849731,-122.24777985,E
3911921,2026-05-16T10:17:44,41.82,0.104,F,2719.35,9974.39,47.67850113,-122.24777985,E
3917001,2026-05-16T10:17:49,40.94,0.093,F,2719.67,9974.84,47.67850494,-122.24777222,E
3922088,2026-05-16T10:17:54,40.91,0.086,F,2719.98,9975.29,47.67851257,-122.24777222,E
3927163,2026-05-16T10:17:59,29.62,0.075,F,2720.23,9975.74,47.67851639,-122.24776459,E
3932217,2026-05-16T10:18:04,26.96,0.078,F,2720.42,9976.19,47.67852020,-122.24776459,E
3937291,2026-05-16T10:18:09,40.75,0.121,F,2720.70,9976.66,47.67852402,-122.24775696,E
3942368,2026-05-16T10:18:14,49.20,0.137,F,2721.18,9977.16,47.67852783,-122.24774933,E
3947430,2026-05-16T10:18:19,47.63,0.136,F,2721.69,9977.66,47.67853165,-122.24774933,E
3952523,2026-05-16T10:18:24,49.93,0.127,F,2722.19,9978.16,47.67853546,-122.24774170,E
3957598,2026-05-16T10:18:29,40.42,0.126,F,2722.67,9978.63,47.67853928,-122.24773407,E
3962684,2026-05-16T10:18:34,39.89,0.136,F,2723.07,9979.13,47.67854691,-122.24772644,E
3967742,2026-05-16T10:18:39,31.75,0.132,F,2723.46,9979.63,47.67855072,-122.24771881,E
3972840,2026-05-16T10:18:45,30.61,0.126,F,2723.83,9980.14,47.67855453,-122.24771881,E
3977916,2026-05-16T10:18:50,23.67,0.133,F,2724.12,9980.64,47.67855835,-122.24771118,E
3982975,2026-05-16T10:18:55,26.49,0.127,F,2724.38,9981.14,47.67856216,-122.24771118,E
3988051,2026-05-16T10:19:00,16.57,0.136,F,2724.62,9981.64,47.67856598,-122.24770355,E
3993142,2026-05-16T10:19:05,13.40,0.128,F,2724.75,9982.14,47.67857361,-122.24770355,E
3998200,2026-05-16T10:19:10,17.01,0.118,F,2724.89,9982.64,47.67857742,-122.24770355,E
4003293,2026-05-16T10:19:15,42.74,0.073,F,2725.20,9983.12,47.67858124,-122.24769592,E
4008381,2026-05-16T10:19:20,42.01,0.083,F,2725.46,9983.57,47.67858505,-122.24769592,E
4013406,2026-05-16T10:19:25,56.27,0.047,F,2725.71,9983.92,47.67858887,-122.24769592,E
4018490,2026-05-16T10:19:30,55.93,0.094,F,2725.97,9984.04,47.67858887,-122.24768829,E
4023581,2026-05-16T10:19:35,48.48,0.109,F,2726.42,9984.49,47.67859268,-122.24768066,E
4028675,2026-05-16T10:19:40,51.20,0.106,F,2726.80,9984.95,47.67859650,-122.24768066,E
4033768,2026-05-16T10:19:45,52.43,0.111,F,2727.19,9985.40,47.67860031,-122.24767303,E
4038846,2026-05-16T10:19:51,52.44,0.130,F,2727.69,9985.85,47.67860413,-122.24766541,E
4043947,2026-05-16T10:19:56,48.65,0.109,F,2728.14,9986.30,47.67860794,-122.24765778,E
4049038,2026-05-16T10:20:01,45.76,0.127,F,2728.58,9986.77,47.67861557,-122.24765015,E
4054135,2026-05-16T10:20:06,48.84,0.139,F,2729.08,9987.27,47.67861938,-122.24765015,E
4059221,2026-05-16T10:20:11,41.22,0.135,F,2729.57,9987.77,47.67862320,-122.24764252,E
4064289,2026-05-16T10:20:16,49.24,0.134,F,2730.06,9988.27,47.67862701,-122.24763489,E
4069346,2026-05-16T10:20:21,49.88,0.111,F,2730.49,9988.73,47.67863083,-122.24762726,E
4074403,2026-05-16T10:20:26,43.21,0.123,F,2730.88,9989.21,47.67863464,-122.24761963,E
4079489,2026-05-16T10:20:31,50.25,0.126,F,2731.34,9989.71,47.67863846,-122.24761963,E
4084513,2026-05-16T10:20:36,53.97,0.119,F,2731.83,9990.16,47.67864609,-122.24761200,E
4089581,2026-05-16T10:20:41,38.49,0.112,F,2732.27,9990.63,47.67864990,-122.24760437,E
4094682,2026-05-16T10:20:46,41.72,0.118,F,2732.65,9991.12,47.67865372,-122.24759674,E
4099759,2026-05-16T10:20:51,41.59,0.121,F,2733.02,9991.62,47.67865753,-122.24759674,E
4104827,2026-05-16T10:20:57,40.69,0.121,F,2733.38,9992.12,47.67866135,-122.24758911,E
4109910,2026-05-16T10:21:02,59.15,0.122,F,2733.90,9992.59,47.67866516,-122.24758148,E
4114988,2026-05-16T10:21:07,51.43,0.099,F,2734.35,9993.04,47.67866898,-122.24757385,E
4120059,2026-05-16T10:21:12,47.74,0.080,F,2734.65,9993.49,47.67867279,-122.24757385,E
4125113,2026-05-16T10:21:17,60.79,0.075,F,2734.99,9993.56,47.67867661,-122.24756622,E
4130167,2026-05-16T10:21:22,57.35,0.069,F,2735.28,9993.61,47.67867661,-122.24756622,E
4135252,2026-05-16T10:21:27,63.94,0.077,F,2735.61,9993.66,47.67867661,-122.24755859,E
4140321,2026-05-16T10:21:32,56.35,0.082,F,2735.97,9993.71,47.67867661,-122.24755859,E
4145347,2026-05-16T10:21:37,38.10,0.092,F,2736.24,9994.11,47.67868042,-122.24755096,E
4150423,2026-05-16T10:21:42,0.03,0.105,F,2736.36,9994.59,47.67868423,-122.24755096,E
4155478,2026-05-16T10:21:47,273.34,0.108,F,2735.96,9994.82,47.67868423,-122.24755859,E
4160538,2026-05-16T10:21:52,102.58,0.149,F,2735.81,9994.40,47.67868423,-122.24755859,E
4165611,2026-05-16T10:21:57,52.91,0.153,F,2736.51,9994.70,47.67868423,-122.24755096,E
4170692,2026-05-16T10:22:02,48.71,0.137,F,2736.98,9995.20,47.67868805,-122.24754333,E
4175794,2026-05-16T10:22:07,47.73,0.145,F,2737.52,9995.70,47.67869568,-122.24753571,E
4180868,2026-05-16T10:22:13,47.63,0.131,F,2738.02,9996.19,47.67869949,-122.24752808,E
4185953,2026-05-16T10:22:18,67.27,0.094,F,2738.52,9996.54,47.67870331,-122.24752045,E
4191022,2026-05-16T10:22:23,61.24,0.104,F,2738.91,9996.70,47.67870331,-122.24751282,E
4196095,2026-05-16T10:22:28,56.17,0.116,F,2739.41,9997.15,47.67870712,-122.24751282,E
4201182,2026-05-16T10:22:33,49.09,0.088,F,2739.81,9997.61,47.67871094,-122.24750519,E
4206245,2026-05-16T10:22:38,52.04,0.105,F,2740.18,9998.04,47.67871475,-122.24749756,E
4211324,2026-05-16T10:22:43,70.75,0.147,F,2740.74,9998.47,47.67871857,-122.24748993,E
4216430,2026-05-16T10:22:48,73.91,0.173,F,2741.52,9998.56,47.67871857,-122.24748230,E
4221503,2026-05-16T10:22:53,76.21,0.190,F,2742.42,9998.63,47.67871857,-122.24746704,E
4226579,2026-05-16T10:22:58,72.03,0.198,F,2743.36,9999.06,47.67872238,-122.24745941,E
4231640,2026-05-16T10:23:03,64.80,0.197,F,2744.31,9999.51,47.67873001,-122.24744415,E
4236721,2026-05-16T10:23:08,35.69,0.065,F,2744.83,10000.00,47.67873383,-122.24743652,E
4241799,2026-05-16T10:23:13,50.47,0.043,F,2744.95,10000.05,47.67873383,-122.24743652,E
4246907,2026-05-16T10:23:19,64.33,0.106,F,2745.30,10000.10,47.67873383,-122.24742889,E
4251993,2026-05-16T10:23:24,50.15,0.158,F,2745.88,10000.55,47.67873764,-122.24742126,E
4257071,2026-05-16T10:23:29,54.53,0.172,F,2746.53,10001.06,47.67874146,-122.24741364,E
4262156,2026-05-16T10:23:34,50.56,0.182,F,2747.26,10001.56,47.67874527,-122.24740601,E
4267226,2026-05-16T10:23:39,39.62,0.134,F,2747.87,10002.06,47.67875290,-122.24739838,E
4272312,2026-05-16T10:23:44,33.50,0.101,F,2748.20,10002.55,47.67875671,-122.24739075,E
4277406,2026-05-16T10:23:49,16.74,0.063,F,2748.37,10003.02,47.67876053,-122.24739075,E
4282458,2026-05-16T10:23:54,12.52,0.061,F,2748.40,10003.47,47.67876434,-122.24739075,E
4287512,2026-05-16T10:23:59,358.57,0.070,F,2748.44,10003.92,47.67876816,-122.24739075,E
4292598,2026-05-16T10:24:04,9.12,0.071,F,2748.43,10004.37,47.67877197,-122.24739075,E
4297682,2026-05-16T10:24:09,8.07,0.058,F,2748.54,10004.82,47.67877579,-122.24739075,E
4302736,2026-05-16T10:24:14,358.41,0.050,F,2748.54,10005.07,47.67877960,-122.24739075,E
4307823,2026-05-16T10:24:20,327.80,0.020,F,2748.54,10005.21,47.67877960,-122.24739075,E
4312872,2026-05-16T10:24:25,308.26,0.009,F,2748.49,10005.21,47.67877960,-122.24739075,E
4317949,2026-05-16T10:24:30,290.44,0.003,F,2748.49,10005.21,47.67877960,-122.24739075,E
4323024,2026-05-16T10:24:35,287.94,0.001,F,2748.49,10005.21,47.67877960,-122.24739075,E
4328115,2026-05-16T10:24:40,299.84,0.000,F,2748.49,10005.21,47.67877960,-122.24739075,E
4333182,2026-05-16T10:24:45,297.08,0.000,F,2748.49,10005.21,47.67877960,-122.24739075,E
4338278,2026-05-16T10:24:50,303.54,0.000,F,2748.49,10005.21,47.67877960,-122.24739075,E
4343331,2026-05-16T10:24:55,327.18,0.000,F,2748.49,10005.21,47.67877960,-122.24739075,E
4348367,2026-05-16T10:25:00,275.74,0.000,F,2748.49,10005.21,47.67877960,-122.24739075,E
4353411,2026-05-16T10:25:05,295.07,0.000,F,2748.49,10005.21,47.67877960,-122.24739075,E
4358489,2026-05-16T10:25:10,312.34,0.000,F,2748.49,10005.21,47.67877960,-122.24739075,E
4363571,2026-05-16T10:25:15,307.44,0.000,F,2748.49,10005.21,47.67877960,-122.24739075,E
4368640,2026-05-16T10:25:20,209.82,0.002,F,2748.49,10005.21,47.67877960,-122.24739075,E
4373709,2026-05-16T10:25:25,346.93,0.011,F,2748.49,10005.21,47.67877960,-122.24739075,E
4378802,2026-05-16T10:25:31,355.58,0.002,F,2748.49,10005.21,47.67877960,-122.24739075,E
4383877,2026-05-16T10:25:36,0.38,0.000,F,2748.49,10005.21,47.67877960,-122.24739075,E
4388964,2026-05-16T10:25:41,353.16,0.000,F,2748.49,10005.21,47.67877960,-122.24739075,E
4394055,2026-05-16T10:25:46,4.82,0.000,F,2748.49,10005.21,47.67877960,-122.24739075,E
4399123,2026-05-16T10:25:51,12.37,0.000,F,2748.49,10005.21,47.67877960,-122.24739075,E
4404202,2026-05-16T10:25:56,22.88,0.000,F,2748.49,10005.21,47.67877960,-122.24739075,E
4409282,2026-05-16T10:26:01,32.27,0.000,F,2748.49,10005.21,47.67877960,-122.24739075,E
4414367,2026-05-16T10:26:06,38.41,0.000,F,2748.49,10005.21,47.67877960,-122.24739075,E
4419435,2026-05-16T10:26:11,46.53,0.000,F,2748.49,10005.21,47.67877960,-122.24739075,E
4424496,2026-05-16T10:26:16,32.75,0.001,F,2748.49,10005.21,47.67877960,-122.24739075,E
4429591,2026-05-16T10:26:21,326.83,0.000,F,2748.49,10005.21,47.67877960,-122.24739075,E
4434653,2026-05-16T10:26:26,309.38,0.000,F,2748.49,10005.21,47.67877960,-122.24739075,E
4439730,2026-05-16T10:26:31,353.30,0.002,F,2748.49,10005.21,47.67877960,-122.24739075,E
4444789,2026-05-16T10:26:36,321.96,0.000,F,2748.49,10005.21,47.67877960,-122.24739075,E
4449792,2026-05-16T10:26:41,258.35,0.025,F,2748.44,10005.21,47.67877960,-122.24739075,E
4454869,2026-05-16T10:26:47,230.15,0.008,F,2748.38,10005.21,47.67877960,-122.24739075,E
4459974,2026-05-16T10:26:52,206.35,0.004,F,2748.38,10005.21,47.67877960,-122.24739075,E
4465024,2026-05-16T10:26:57,189.76,0.004,F,2748.38,10005.21,47.67877960,-122.24739075,E
4470080,2026-05-16T10:27:02,216.05,0.003,F,2748.38,10005.21,47.67877960,-122.24739075,E
4475156,2026-05-16T10:27:07,195.11,0.001,F,2748.38,10005.21,47.67877960,-122.24739075,E
4480220,2026-05-16T10:27:12,172.24,0.012,F,2748.38,10005.21,47.67877960,-122.24739075,E
4485271,2026-05-16T10:27:17,160.27,0.003,F,2748.38,10005.21,47.67877960,-122.24739075,E
4490339,2026-05-16T10:27:22,175.43,0.002,F,2748.38,10005.21,47.67877960,-122.24739075,E
4495409,2026-05-16T10:27:27,171.45,0.002,F,2748.38,10005.21,47.67877960,-122.24739075,E
4500487,2026-05-16T10:27:32,231.24,0.001,F,2748.38,10005.21,47.67877960,-122.24739075,E
4505539,2026-05-16T10:27:37,220.06,0.002,F,2748.38,10005.21,47.67877960,-122.24739075,E
4510628,2026-05-16T10:27:42,247.74,0.004,F,2748.38,10005.21,47.67877960,-122.24739075,E
4515706,2026-05-16T10:27:47,187.50,0.003,F,2748.38,10005.21,47.67877960,-122.24739075,E
4520809,2026-05-16T10:27:53,175.95,0.001,F,2748.38,10005.21,47.67877960,-122.24739075,E
4525853,2026-05-16T10:27:58,151.25,0.000,F,2748.38,10005.21,47.67877960,-122.24739075,E
4530935,2026-05-16T10:28:03,128.31,0.000,F,2748.38,10005.21,47.67877960,-122.24739075,E
4536021,2026-05-16T10:28:08,129.29,0.004,F,2748.38,10005.21,47.67877960,-122.24739075,E
4541074,2026-05-16T10:28:13,139.04,0.007,F,2748.38,10005.21,47.67877960,-122.24739075,E
4546140,2026-05-16T10:28:18,193.32,0.002,F,2748.38,10005.21,47.67877960,-122.24739075,E
4551178,2026-05-16T10:28:23,186.87,0.000,F,2748.38,10005.21,47.67877960,-122.24739075,E
4556247,2026-05-16T10:28:28,215.80,0.000,F,2748.38,10005.21,47.67877960,-122.24739075,E
4561304,2026-05-16T10:28:33,194.47,0.015,F,2748.38,10005.21,47.67877960,-122.24739075,E
4566385,2026-05-16T10:28:38,195.07,0.005,F,2748.38,10005.21,47.67877960,-122.24739075,E
4571471,2026-05-16T10:28:43,282.82,0.009,F,2748.36,10005.21,47.67877960,-122.24739075,E
4576568,2026-05-16T10:28:48,223.58,0.012,F,2748.28,10005.21,47.67877960,-122.24739075,E
4581573,2026-05-16T10:28:53,246.10,0.008,F,2748.27,10005.21,47.67877960,-122.24739075,E
4586648,2026-05-16T10:28:58,10.69,0.026,F,2748.27,10005.21,47.67877960,-122.24739075,E
4591739,2026-05-16T10:29:03,37.99,0.034,F,2748.35,10005.22,47.67877960,-122.24739075,E
4596833,2026-05-16T10:29:09,347.79,0.043,F,2748.40,10005.27,47.67877960,-122.24739075,E
4601918,2026-05-16T10:29:14,326.42,0.027,F,2748.37,10005.28,47.67877960,-122.24739075,E
4607008,2026-05-16T10:29:19,329.16,0.038,F,2748.30,10005.30,47.67877960,-122.24739075,E
4612096,2026-05-16T10:29:24,288.85,1.286,G,2679.59,9987.40,47.67861938,-122.24830627,G
4617170,2026-05-16T10:29:29,209.38,1.101,G,2678.45,9987.81,47.67862320,-122.24832153,G
4622214,2026-05-16T10:29:34,181.74,0.001,F,2675.59,9988.66,47.67863083,-122.24835968,E
4627302,2026-05-16T10:29:39,163.54,0.000,F,2673.88,9989.50,47.67863846,-122.24838257,E
4632368,2026-05-16T10:29:44,150.58,0.000,F,2673.88,9989.50,47.67863846,-122.24838257,E
4637444,2026-05-16T10:29:49,144.72,0.002,F,2673.88,9989.50,47.67863846,-122.24838257,E
4642501,2026-05-16T10:29:54,141.12,0.000,F,2673.88,9989.50,47.67863846,-122.24838257,E
4647581,2026-05-16T10:29:59,78.54,0.007,F,2673.88,9989.50,47.67863846,-122.24838257,E
4652670,2026-05-16T10:30:04,81.99,0.864,G,2680.76,9988.67,47.67863083,-122.24829102,G
4657725,2026-05-16T10:30:09,82.75,0.340,G,2678.46,9990.79,47.67864990,-122.24832153,G
4662813,2026-05-16T10:30:15,73.90,0.782,G,2675.60,9992.92,47.67866898,-122.24835968,G
4667906,2026-05-16T10:30:20,157.09,0.653,G,2671.58,9993.76,47.67867661,-122.24841309,G
4672994,2026-05-16T10:30:25,153.36,0.231,G,2671.01,9993.76,47.67867661,-122.24842072,G
4678099,2026-05-16T10:30:30,129.35,0.067,G,2669.86,9994.19,47.67868042,-122.24843597,G
4683180,2026-05-16T10:30:35,131.27,0.139,G,2671.01,9993.76,47.67867661,-122.24842072,G
4688241,2026-05-16T10:30:40,132.73,0.072,G,2671.01,9993.76,47.67867661,-122.24842072,G
4693284,2026-05-16T10:30:45,133.37,0.000,F,2671.01,9993.76,47.67867661,-122.24842072,G
4698373,2026-05-16T10:30:50,133.10,0.067,G,2671.01,9994.19,47.67868042,-122.24842072,G
4703419,2026-05-16T10:30:55,132.76,0.206,G,2671.58,9995.88,47.67869568,-122.24841309,G
4708447,2026-05-16T10:31:00,132.71,0.082,G,2672.73,9996.31,47.67869949,-122.24839783,G
4713503,2026-05-16T10:31:05,133.04,0.000,F,2671.58,9996.31,47.67869949,-122.24841309,G
4718567,2026-05-16T10:31:10,132.49,0.134,G,2671.58,9996.31,47.67869949,-122.24841309,G
4723589,2026-05-16T10:31:15,132.59,0.139,G,2671.58,9995.88,47.67869568,-122.24841309,G
4728659,2026-05-16T10:31:20,132.45,0.190,G,2671.58,9995.46,47.67869186,-122.24841309,G
4733726,2026-05-16T10:31:25,132.40,0.190,G,2671.58,9995.46,47.67869186,-122.24841309,G
4738772,2026-05-16T10:31:30,132.33,0.283,G,2671.01,9994.61,47.67868423,-122.24842072,G
4743827,2026-05-16T10:31:36,132.57,0.077,G,2671.58,9996.31,47.67869949,-122.24841309,G
4748870,2026-05-16T10:31:41,132.97,0.123,G,2671.58,9995.88,47.67869568,-122.24841309,G
4753910,2026-05-16T10:31:46,132.84,0.118,G,2671.58,9995.04,47.67868805,-122.24841309,G
4758955,2026-05-16T10:31:51,132.77,0.190,G,2671.01,9994.61,47.67868423,-122.24842072,G
4763965,2026-05-16T10:31:56,133.14,0.268,G,2669.87,9993.76,47.67867661,-122.24843597,G
4769060,2026-05-16T10:32:01,133.29,0.098,G,2671.01,9994.19,47.67868042,-122.24842072,G
4774094,2026-05-16T10:32:06,133.77,0.000,F,2671.01,9994.61,47.67868423,-122.24842072,G
4779143,2026-05-16T10:32:11,133.00,0.000,F,2671.01,9994.61,47.67868423,-122.24842072,G
4784218,2026-05-16T10:32:16,133.38,0.000,F,2671.01,9994.61,47.67868423,-122.24842072,G
4789293,2026-05-16T10:32:21,133.01,0.000,F,2671.01,9994.61,47.67868423,-122.24842072,G
4794367,2026-05-16T10:32:26,133.23,0.000,F,2671.01,9994.61,47.67868423,-122.24842072,G
4799442,2026-05-16T10:32:31,133.60,0.000,F,2671.01,9994.61,47.67868423,-122.24842072,G
4804507,2026-05-16T10:32:36,133.80,0.000,F,2671.01,9994.61,47.67868423,-122.24842072,G
4809603,2026-05-16T10:32:41,133.64,0.000,F,2671.01,9994.61,47.67868423,-122.24842072,G
4814674,2026-05-16T10:32:46,134.21,0.000,F,2671.01,9994.61,47.67868423,-122.24842072,G
4819738,2026-05-16T10:32:51,134.75,0.000,F,2671.01,9994.61,47.67868423,-122.24842072,G
4824816,2026-05-16T10:32:57,133.83,0.000,F,2671.01,9994.61,47.67868423,-122.24842072,G
4829904,2026-05-16T10:33:02,134.71,0.000,F,2671.01,9994.61,47.67868423,-122.24842072,G
4834972,2026-05-16T10:33:07,134.62,0.000,F,2671.01,9994.61,47.67868423,-122.24842072,G
4840044,2026-05-16T10:33:12,134.42,0.000,F,2671.01,9994.61,47.67868423,-122.24842072,G
4845138,2026-05-16T10:33:17,134.28,0.000,F,2671.01,9994.61,47.67868423,-122.24842072,G
4850227,2026-05-16T10:33:22,134.18,0.000,F,2671.01,9994.61,47.67868423,-122.24842072,G
4855299,2026-05-16T10:33:27,134.22,0.000,F,2671.01,9994.61,47.67868423,-122.24842072,G
4860346,2026-05-16T10:33:32,133.46,0.000,F,2671.01,9994.61,47.67868423,-122.24842072,G
4865419,2026-05-16T10:33:37,133.86,0.000,F,2671.01,9994.61,47.67868423,-122.24842072,G
4870479,2026-05-16T10:33:42,134.28,0.000,F,2671.01,9994.61,47.67868423,-122.24842072,G
4875555,2026-05-16T10:33:47,134.37,0.000,F,2671.01,9994.61,47.67868423,-122.24842072,G
4880609,2026-05-16T10:33:52,133.80,0.000,F,2671.01,9994.61,47.67868423,-122.24842072,G
4885660,2026-05-16T10:33:57,133.72,0.000,F,2671.01,9994.61,47.67868423,-122.24842072,G
4890713,2026-05-16T10:34:02,133.68,0.000,F,2671.01,9994.61,47.67868423,-122.24842072,G
4895795,2026-05-16T10:34:07,134.28,0.000,F,2671.01,9994.61,47.67868423,-122.24842072,G
4900819,2026-05-16T10:34:13,134.05,0.000,F,2671.01,9994.61,47.67868423,-122.24842072,G
4905916,2026-05-16T10:34:18,135.30,0.000,F,2671.01,9994.61,47.67868423,-122.24842072,G
4910986,2026-05-16T10:34:23,134.39,0.000,F,2671.01,9994.61,47.67868423,-122.24842072,G
4916038,2026-05-16T10:34:28,135.51,0.000,F,2671.01,9994.61,47.67868423,-122.24842072,G
4921112,2026-05-16T10:34:33,136.24,0.000,F,2671.01,9994.61,47.67868423,-122.24842072,G
4926204,2026-05-16T10:34:38,135.25,0.000,F,2671.01,9994.61,47.67868423,-122.24842072,G
4931238,2026-05-16T10:34:43,135.21,0.000,F,2671.01,9994.61,47.67868423,-122.24842072,G
4936291,2026-05-16T10:34:48,134.63,0.000,F,2671.01,9994.61,47.67868423,-122.24842072,G
4941366,2026-05-16T10:34:53,136.18,0.062,G,2671.01,9994.61,47.67868423,-122.24842072,G
4946437,2026-05-16T10:34:58,135.41,0.082,G,2671.01,9994.19,47.67868042,-122.24842072,G
4951503,2026-05-16T10:35:03,135.25,0.000,F,2671.01,9994.19,47.67868042,-122.24842072,G
4956571,2026-05-16T10:35:08,135.85,0.000,F,2671.01,9994.19,47.67868042,-122.24842072,G
4961608,2026-05-16T10:35:13,136.37,0.000,F,2671.01,9994.19,47.67868042,-122.24842072,G
4966626,2026-05-16T10:35:18,136.89,0.067,G,2671.01,9994.19,47.67868042,-122.24842072,G
4971704,2026-05-16T10:35:23,135.74,0.051,G,2669.86,9994.19,47.67868042,-122.24843597,G
4976773,2026-05-16T10:35:28,135.33,0.000,F,2669.86,9993.76,47.67867661,-122.24843597,G
4981808,2026-05-16T10:35:34,136.00,0.000,F,2669.86,9993.76,47.67867661,-122.24843597,G
4986872,2026-05-16T10:35:39,136.88,0.000,F,2669.86,9993.76,47.67867661,-122.24843597,G
4991947,2026-05-16T10:35:44,137.31,0.000,F,2669.86,9993.76,47.67867661,-122.24843597,G
4997000,2026-05-16T10:35:49,137.12,0.000,F,2669.86,9993.76,47.67867661,-122.24843597,G
5002034,2026-05-16T10:35:54,137.05,0.000,F,2669.86,9993.76,47.67867661,-122.24843597,G
5007103,2026-05-16T10:35:59,137.10,0.000,F,2669.86,9993.76,47.67867661,-122.24843597,G
5012177,2026-05-16T10:36:04,137.82,0.062,G,2669.86,9994.19,47.67868042,-122.24843597,G
5017232,2026-05-16T10:36:09,137.62,0.067,G,2669.86,9994.61,47.67868423,-122.24843597,G
5022315,2026-05-16T10:36:14,137.55,0.108,G,2669.86,9995.04,47.67868805,-122.24843597,G
5027366,2026-05-16T10:36:19,137.67,0.139,G,2669.86,9995.88,47.67869568,-122.24843597,G
5032440,2026-05-16T10:36:24,138.17,0.113,G,2669.86,9996.31,47.67869949,-122.24843597,G
5037496,2026-05-16T10:36:29,138.10,0.057,G,2669.86,9996.74,47.67870331,-122.24843597,G
5042569,2026-05-16T10:36:34,138.67,0.057,G,2669.86,9997.16,47.67870712,-122.24843597,G
5047627,2026-05-16T10:36:39,139.42,0.072,G,2669.86,9997.58,47.67871094,-122.24843597,G
5052683,2026-05-16T10:36:44,139.14,0.000,F,2669.86,9997.58,47.67871094,-122.24843597,G
5057724,2026-05-16T10:36:49,139.69,0.000,F,2669.86,9997.58,47.67871094,-122.24843597,G
5062783,2026-05-16T10:36:54,139.98,0.000,F,2669.86,9997.58,47.67871094,-122.24843597,G
5067831,2026-05-16T10:37:00,140.56,0.000,F,2669.86,9997.58,47.67871094,-122.24843597,G
5072891,2026-05-16T10:37:05,140.46,0.000,F,2669.86,9997.58,47.67871094,-122.24843597,G
5077939,2026-05-16T10:37:10,140.68,0.000,F,2669.86,9997.58,47.67871094,-122.24843597,G
5082953,2026-05-16T10:37:15,141.03,0.000,F,2669.86,9997.58,47.67871094,-122.24843597,G
5088019,2026-05-16T10:37:20,141.20,0.000,F,2669.86,9997.58,47.67871094,-122.24843597,G
5093090,2026-05-16T10:37:25,141.41,0.000,F,2669.86,9997.58,47.67871094,-122.24843597,G
5098125,2026-05-16T10:37:30,142.10,0.000,F,2669.86,9997.58,47.67871094,-122.24843597,G
5103162,2026-05-16T10:37:35,140.40,0.000,F,2669.86,9997.58,47.67871094,-122.24843597,G
5108207,2026-05-16T10:37:40,140.29,0.000,F,2669.86,9997.58,47.67871094,-122.24843597,G
5113278,2026-05-16T10:37:45,141.68,0.000,F,2669.86,9997.58,47.67871094,-122.24843597,G
5118315,2026-05-16T10:37:50,141.29,0.000,F,2669.86,9997.58,47.67871094,-122.24843597,G
5123326,2026-05-16T10:37:55,141.55,0.000,F,2669.86,9997.58,47.67871094,-122.24843597,G
5128390,2026-05-16T10:38:00,141.21,0.000,F,2669.86,9997.58,47.67871094,-122.24843597,G
5133447,2026-05-16T10:38:05,141.85,0.000,F,2669.86,9997.58,47.67871094,-122.24843597,G
5138497,2026-05-16T10:38:10,141.87,0.000,F,2669.86,9997.58,47.67871094,-122.24843597,G
5143544,2026-05-16T10:38:15,141.55,0.000,F,2669.86,9997.58,47.67871094,-122.24843597,G
5148598,2026-05-16T10:38:20,141.80,0.000,F,2669.86,9997.58,47.67871094,-122.24843597,G
5153675,2026-05-16T10:38:25,141.84,0.000,F,2669.86,9997.58,47.67871094,-122.24843597,G
5158717,2026-05-16T10:38:30,141.96,0.000,F,2669.86,9997.58,47.67871094,-122.24843597,G
5163754,2026-05-16T10:38:35,142.31,0.000,F,2669.86,9997.16,47.67870712,-122.24843597,G
5168780,2026-05-16T10:38:40,141.71,0.000,F,2669.86,9997.16,47.67870712,-122.24843597,G
5173797,2026-05-16T10:38:45,140.87,0.000,F,2669.86,9997.16,47.67870712,-122.24843597,G
5178866,2026-05-16T10:38:51,142.25,0.000,F,2669.86,9997.16,47.67870712,-122.24843597,G
5183887,2026-05-16T10:38:56,142.39,0.000,F,2669.86,9997.16,47.67870712,-122.24843597,G
5188959,2026-05-16T10:39:01,142.88,0.000,F,2669.86,9997.16,47.67870712,-122.24843597,G
5194017,2026-05-16T10:39:06,143.11,0.000,F,2669.86,9997.16,47.67870712,-122.24843597,G
5199046,2026-05-16T10:39:11,143.73,0.000,F,2669.86,9997.16,47.67870712,-122.24843597,G
5204114,2026-05-16T10:39:16,143.42,0.000,F,2669.86,9997.16,47.67870712,-122.24843597,G
5209177,2026-05-16T10:39:21,143.11,0.000,F,2671.01,9997.16,47.67870712,-122.24842072,G
5214261,2026-05-16T10:39:26,143.86,0.000,F,2671.01,9997.16,47.67870712,-122.24842072,G
5219304,2026-05-16T10:39:31,143.47,0.000,F,2671.01,9997.16,47.67870712,-122.24842072,G
