timestamp_ms,local_time,heading_deg,speed_ms,speed_src,pos_x_m,pos_y_m,lat,lon,pos_src,adj_pos_x_m,adj_pos_y_m,adj_lat,adj_lon
741402,2026-05-16T09:24:53,176.7,0.0357,F,2694.94,9973.79,47.67849567,-122.2481054,G,2694.94,9973.79,47.67849567,-122.2481054
746497,2026-05-16T09:24:58,143.62,0.2738,F,2695.54,9972.56,47.67848459,-122.24809739,E,2695.54,9972.56,47.67848459,-122.24809739
751574,2026-05-16T09:25:03,111.74,0.5298,F,2697.6,9971.35,47.67847374,-122.24806992,E,2697.6,9971.35,47.67847374,-122.24806992
756675,2026-05-16T09:25:08,127.9,0.6369,F,2699.64,9969.1,47.67845351,-122.24804278,E,2699.64,9969.1,47.67845351,-122.24804278
761752,2026-05-16T09:25:13,131.39,0.6667,F,2701.63,9966.59,47.67843101,-122.24801626,E,2701.63,9966.59,47.67843101,-122.24801626
766844,2026-05-16T09:25:19,137.86,0.6726,F,2703.38,9963.78,47.67840577,-122.24799305,E,2703.38,9963.78,47.67840577,-122.24799305
771931,2026-05-16T09:25:24,135.84,0.7024,F,2705.29,9960.94,47.67838021,-122.2479676,E,2705.29,9960.94,47.67838021,-122.2479676
777026,2026-05-16T09:25:29,134.39,0.7321,F,2707.35,9958.03,47.67835413,-122.24794015,E,2707.35,9958.03,47.67835413,-122.24794015
782079,2026-05-16T09:25:34,120.56,0.6786,F,2709.74,9956.02,47.67833604,-122.24790822,E,2709.74,9956.02,47.67833604,-122.24790822
787164,2026-05-16T09:25:39,111.84,0.6429,F,2712.25,9954.55,47.6783228,-122.24787486,E,2712.25,9954.55,47.6783228,-122.24787486
792241,2026-05-16T09:25:44,114.96,0.5655,F,2714.39,9953.11,47.67830988,-122.24784638,E,2714.39,9953.11,47.67830988,-122.24784638
797316,2026-05-16T09:25:49,109.38,0.6071,F,2716.79,9951.84,47.67829852,-122.24781432,E,2716.79,9951.84,47.67829852,-122.24781432
802387,2026-05-16T09:25:54,107.59,0.6964,F,2719.59,9950.5,47.67828643,-122.2477771,E,2719.59,9950.5,47.67828643,-122.2477771
807488,2026-05-16T09:25:59,101.94,0.6964,F,2722.49,9949.48,47.67827731,-122.24773848,E,2722.49,9949.48,47.67827731,-122.24773848
812527,2026-05-16T09:26:04,108.09,0.5714,F,2724.76,9948.36,47.67826724,-122.24770824,E,2724.76,9948.36,47.67826724,-122.24770824
817544,2026-05-16T09:26:09,109.56,0.6548,F,2727.32,9947,47.67825503,-122.2476741,E,2727.32,9947,47.67825503,-122.2476741
822590,2026-05-16T09:26:14,112.46,0.6071,F,2729.66,9945.59,47.67824235,-122.247643,E,2729.66,9945.59,47.67824235,-122.247643
827686,2026-05-16T09:26:19,114.17,0.6429,F,2732.12,9943.99,47.67822798,-122.24761026,E,2732.12,9943.99,47.67822798,-122.24761026
832762,2026-05-16T09:26:24,116.56,0.6845,F,2734.66,9942.16,47.67821156,-122.24757636,E,2734.66,9942.16,47.67821156,-122.24757636
837864,2026-05-16T09:26:30,120.85,0.6964,F,2737.13,9940.06,47.67819268,-122.2475434,E,2737.13,9940.06,47.67819268,-122.2475434
842926,2026-05-16T09:26:35,117.5,0.7321,F,2739.82,9938.06,47.67817468,-122.24750761,E,2739.82,9938.06,47.67817468,-122.24750761
847992,2026-05-16T09:26:40,120.64,0.7202,F,2742.37,9935.91,47.67815539,-122.24747368,E,2742.37,9935.91,47.67815539,-122.24747368
853065,2026-05-16T09:26:45,123.75,0.7083,F,2744.78,9933.63,47.67813492,-122.24744164,E,2744.78,9933.63,47.67813492,-122.24744164
858160,2026-05-16T09:26:50,124.98,0.6726,F,2747.03,9931.4,47.67811484,-122.24741163,E,2747.03,9931.4,47.67811484,-122.24741163
863227,2026-05-16T09:26:55,116.65,0.7381,F,2749.76,9929.42,47.67809712,-122.24737518,E,2749.76,9929.42,47.67809712,-122.24737518
868294,2026-05-16T09:27:00,115.5,0.6667,F,2752.27,9927.7,47.67808167,-122.24734186,E,2752.27,9927.7,47.67808167,-122.24734186
873373,2026-05-16T09:27:05,117.9,0.6905,F,2754.8,9925.79,47.67806444,-122.24730815,E,2754.8,9925.79,47.67806444,-122.24730815
878447,2026-05-16T09:27:10,115.76,0.7024,F,2757.43,9923.96,47.678048,-122.24727308,E,2757.43,9923.96,47.678048,-122.24727308
883526,2026-05-16T09:27:15,117.41,0.6488,F,2759.82,9922.18,47.67803204,-122.24724123,E,2759.82,9922.18,47.67803204,-122.24724123
888591,2026-05-16T09:27:20,107.61,0.6131,F,2762.28,9920.99,47.6780214,-122.24720851,E,2762.28,9920.99,47.6780214,-122.24720851
893654,2026-05-16T09:27:25,125.69,0.3274,F,2763.36,9919.9,47.67801154,-122.24719416,E,2763.36,9919.9,47.67801154,-122.24719416
898746,2026-05-16T09:27:30,121.55,0.5595,F,2765.32,9918.18,47.67799613,-122.24716797,E,2765.32,9918.18,47.67799613,-122.24716797
903777,2026-05-16T09:27:35,114.8,0.6607,F,2767.8,9916.52,47.67798125,-122.24713495,E,2767.8,9916.52,47.67798125,-122.24713495
908861,2026-05-16T09:27:41,113.06,0.7202,F,2770.58,9914.8,47.67796578,-122.24709798,E,2770.58,9914.8,47.67796578,-122.24709798
913938,2026-05-16T09:27:46,105.41,0.7321,F,2773.56,9913.52,47.67795427,-122.24705827,E,2773.56,9913.52,47.67795427,-122.24705827
919018,2026-05-16T09:27:51,107.65,0.6845,F,2776.31,9912.19,47.67794234,-122.24702164,E,2776.31,9912.19,47.67794234,-122.24702164
924118,2026-05-16T09:27:56,112.08,0.6964,F,2779.02,9910.58,47.67792783,-122.24698547,E,2779.02,9910.58,47.67792783,-122.24698547
929130,2026-05-16T09:28:01,112.61,0.6726,F,2781.59,9909.02,47.6779138,-122.24695129,E,2781.59,9909.02,47.6779138,-122.24695129
934219,2026-05-16T09:28:06,109.65,0.7202,F,2784.45,9907.49,47.67790013,-122.24691323,E,2784.45,9907.49,47.67790013,-122.24691323
939306,2026-05-16T09:28:11,106.62,0.7381,F,2787.44,9906.12,47.67788782,-122.24687341,E,2787.44,9906.12,47.67788782,-122.24687341
944393,2026-05-16T09:28:16,107.58,0.7262,F,2790.36,9904.72,47.67787518,-122.24683448,E,2790.36,9904.72,47.67787518,-122.24683448
949463,2026-05-16T09:28:21,114.28,0.6548,F,2792.85,9903.09,47.67786057,-122.24680133,E,2792.85,9903.09,47.67786057,-122.24680133
954515,2026-05-16T09:28:26,115.7,0.5595,F,2794.94,9901.64,47.67784756,-122.24677351,E,2794.94,9901.64,47.67784756,-122.24677351
959590,2026-05-16T09:28:31,119.09,0.6488,F,2797.28,9899.78,47.67783084,-122.24674229,E,2797.28,9899.78,47.67783084,-122.24674229
964658,2026-05-16T09:28:36,117.64,0.7083,F,2799.88,9897.83,47.67781334,-122.24670768,E,2799.88,9897.83,47.67781334,-122.24670768
969725,2026-05-16T09:28:41,116.09,0.6488,F,2802.3,9896.13,47.67779803,-122.24667545,E,2802.3,9896.13,47.67779803,-122.24667545
974773,2026-05-16T09:28:46,119.12,0.6786,F,2804.74,9894.19,47.67778062,-122.24664298,E,2804.74,9894.19,47.67778062,-122.24664298
979852,2026-05-16T09:28:52,118.36,0.6548,F,2807.13,9892.35,47.67776408,-122.24661118,E,2807.13,9892.35,47.67776408,-122.24661118
984913,2026-05-16T09:28:57,122.12,0.6131,F,2809.25,9890.45,47.67774706,-122.24658287,E,2809.25,9890.45,47.67774706,-122.24658287
989919,2026-05-16T09:29:02,120.02,0.131,F,2809.71,9890.07,47.67774365,-122.24657673,E,2809.71,9890.07,47.67774365,-122.24657673
994998,2026-05-16T09:29:07,141.04,0.131,F,2810.02,9889.51,47.67773853,-122.24657259,E,2810.02,9889.51,47.67773853,-122.24657259
1000098,2026-05-16T09:29:12,151.75,0.0298,F,2810.07,9889.36,47.67773722,-122.24657196,E,2810.07,9889.36,47.67773722,-122.24657196
1005184,2026-05-16T09:29:17,183.57,0.0179,F,2810.05,9889.26,47.67773634,-122.24657223,E,2810.05,9889.26,47.67773634,-122.24657223
1010250,2026-05-16T09:29:22,186.13,0.006,F,2810.04,9889.23,47.67773605,-122.24657234,E,2810.04,9889.23,47.67773605,-122.24657234
1015311,2026-05-16T09:29:27,183.34,0,F,2810.04,9889.23,47.67773605,-122.24657234,E,2810.04,9889.23,47.67773605,-122.24657234
1020367,2026-05-16T09:29:32,172.73,0.0238,F,2810.04,9889.1,47.67773489,-122.2465724,E,2810.04,9889.1,47.67773489,-122.2465724
1025417,2026-05-16T09:29:37,185.28,0.006,F,2810.03,9889.07,47.6777346,-122.2465725,E,2810.03,9889.07,47.6777346,-122.2465725
1030492,2026-05-16T09:29:42,183.03,0,F,2810.03,9889.07,47.6777346,-122.2465725,E,2810.03,9889.07,47.6777346,-122.2465725
1035576,2026-05-16T09:29:47,172.31,0,F,2810.03,9889.07,47.6777346,-122.2465725,E,2810.03,9889.07,47.6777346,-122.2465725
1040653,2026-05-16T09:29:52,181.91,0,F,2810.03,9889.07,47.6777346,-122.2465725,E,2810.03,9889.07,47.6777346,-122.2465725
1045733,2026-05-16T09:29:57,197.08,0.0417,F,2809.93,9888.85,47.67773263,-122.24657379,E,2809.93,9888.85,47.67773263,-122.24657379
1050806,2026-05-16T09:30:03,197.02,0.006,F,2809.92,9888.82,47.67773234,-122.24657397,E,2809.92,9888.82,47.67773234,-122.24657397
1055895,2026-05-16T09:30:08,193.35,0,F,2809.92,9888.82,47.67773234,-122.24657397,E,2809.92,9888.82,47.67773234,-122.24657397
1060900,2026-05-16T09:30:13,189.99,0.0833,F,2809.78,9888.37,47.67772836,-122.24657583,E,2809.78,9888.37,47.67772836,-122.24657583
1065973,2026-05-16T09:30:18,186.05,0.0179,F,2809.75,9888.28,47.67772748,-122.24657616,E,2809.75,9888.28,47.67772748,-122.24657616
1071071,2026-05-16T09:30:23,197.15,0.0119,F,2809.73,9888.21,47.67772692,-122.24657653,E,2809.73,9888.21,47.67772692,-122.24657653
1076162,2026-05-16T09:30:28,224.74,0,F,2809.73,9888.21,47.67772692,-122.24657653,E,2809.73,9888.21,47.67772692,-122.24657653
1081228,2026-05-16T09:30:33,136.69,0.0536,F,2809.87,9887.99,47.67772495,-122.24657463,E,2809.87,9887.99,47.67772495,-122.24657463
1086304,2026-05-16T09:30:38,168.6,0.0298,F,2809.87,9887.83,47.67772351,-122.24657456,E,2809.87,9887.83,47.67772351,-122.24657456
1091377,2026-05-16T09:30:43,132.47,0.131,F,2810.26,9887.33,47.67771901,-122.24656946,E,2810.26,9887.33,47.67771901,-122.24656946
1096438,2026-05-16T09:30:48,109.77,0.5417,F,2812.39,9886.19,47.67770874,-122.24654102,E,2812.39,9886.19,47.67770874,-122.24654102
1101494,2026-05-16T09:30:53,104.38,0.6786,F,2815.16,9885.07,47.67769866,-122.24650415,E,2815.16,9885.07,47.67769866,-122.24650415
1106554,2026-05-16T09:30:58,123.26,0.6607,F,2817.41,9882.97,47.67767982,-122.24647413,E,2817.41,9882.97,47.67767982,-122.24647413
1111601,2026-05-16T09:31:03,129.62,0.6488,F,2819.41,9880.62,47.67765874,-122.2464476,E,2819.41,9880.62,47.67765874,-122.2464476
1116647,2026-05-16T09:31:08,130.43,0.6726,F,2821.44,9878.15,47.67763656,-122.24642052,E,2821.44,9878.15,47.67763656,-122.24642052
1121735,2026-05-16T09:31:13,137.08,0.6607,F,2823.18,9875.43,47.67761207,-122.24639728,E,2823.18,9875.43,47.67761207,-122.24639728
1126830,2026-05-16T09:31:19,132.18,0.6726,F,2825.17,9872.86,47.67758897,-122.24637085,E,2825.17,9872.86,47.67758897,-122.24637085
1131885,2026-05-16T09:31:24,119.71,0.6905,F,2827.63,9870.85,47.67757096,-122.24633801,E,2827.63,9870.85,47.67757096,-122.24633801
1136967,2026-05-16T09:31:29,122.69,0.6607,F,2829.92,9868.77,47.67755229,-122.24630761,E,2829.92,9868.77,47.67755229,-122.24630761
1142022,2026-05-16T09:31:34,122.39,0.6369,F,2832.11,9866.79,47.67753452,-122.24627835,E,2832.11,9866.79,47.67753452,-122.24627835
1147106,2026-05-16T09:31:39,128.35,0.619,F,2834.07,9864.59,47.67751475,-122.24625227,E,2834.07,9864.59,47.67751475,-122.24625227
1152158,2026-05-16T09:31:44,111.17,0.6131,F,2836.46,9863.23,47.67750251,-122.24622048,E,2836.46,9863.23,47.67750251,-122.24622048
1157186,2026-05-16T09:31:49,115.62,0.6071,F,2838.72,9861.67,47.67748849,-122.24619041,E,2838.72,9861.67,47.67748849,-122.24619041
1162247,2026-05-16T09:31:54,116.51,0.625,F,2841.03,9860.01,47.67747356,-122.24615953,E,2841.03,9860.01,47.67747356,-122.24615953
1167338,2026-05-16T09:31:59,117.6,0.6369,F,2843.38,9858.25,47.67745777,-122.24612826,E,2843.38,9858.25,47.67745777,-122.24612826
1172417,2026-05-16T09:32:04,121.73,0.6488,F,2845.65,9856.26,47.67743987,-122.24609804,E,2845.65,9856.26,47.67743987,-122.24609804
1177493,2026-05-16T09:32:09,118.41,0.625,F,2847.93,9854.5,47.67742407,-122.24606772,E,2847.93,9854.5,47.67742407,-122.24606772
1182579,2026-05-16T09:32:14,116.38,0.6131,F,2850.22,9852.87,47.67740941,-122.24603724,E,2850.22,9852.87,47.67740941,-122.24603724
1187645,2026-05-16T09:32:19,119.37,0.6012,F,2852.38,9851.13,47.67739384,-122.24600846,E,2852.38,9851.13,47.67739384,-122.24600846
1192731,2026-05-16T09:32:24,124.62,0.625,F,2854.48,9849.08,47.67737536,-122.24598048,E,2854.48,9849.08,47.67737536,-122.24598048
1197812,2026-05-16T09:32:30,105.57,0.6607,F,2857.17,9847.91,47.67736489,-122.24594465,E,2857.17,9847.91,47.67736489,-122.24594465
1202883,2026-05-16T09:32:35,107.95,0.4702,F,2859.05,9846.99,47.6773566,-122.24591958,E,2859.05,9846.99,47.6773566,-122.24591958
1207952,2026-05-16T09:32:40,119.2,0.375,F,2860.4,9845.91,47.67734692,-122.24590158,E,2860.4,9845.91,47.67734692,-122.24590158
1213054,2026-05-16T09:32:45,111.67,0.506,F,2862.38,9844.75,47.67733653,-122.2458752,E,2862.38,9844.75,47.67733653,-122.2458752
1218108,2026-05-16T09:32:50,104.98,0.4881,F,2864.37,9843.92,47.67732905,-122.24584878,E,2864.37,9843.92,47.67732905,-122.24584878
1223173,2026-05-16T09:32:55,105.04,0.4345,F,2866.13,9843.18,47.67732237,-122.24582522,E,2866.13,9843.18,47.67732237,-122.24582522
1228269,2026-05-16T09:33:00,114.39,0.4226,F,2867.75,9842.12,47.67731285,-122.24580374,E,2867.75,9842.12,47.67731285,-122.24580374
1233338,2026-05-16T09:33:05,109.75,0.4286,F,2869.44,9841.21,47.67730472,-122.2457812,E,2869.44,9841.21,47.67730472,-122.2457812
1238418,2026-05-16T09:33:10,101.24,0.4702,F,2871.4,9840.56,47.67729884,-122.24575515,E,2871.4,9840.56,47.67729884,-122.24575515
1243509,2026-05-16T09:33:15,108.34,0.4524,F,2873.21,9839.65,47.6772907,-122.245731,E,2873.21,9839.65,47.6772907,-122.245731
1248597,2026-05-16T09:33:20,108.6,0.4464,F,2874.99,9838.75,47.67728259,-122.24570723,E,2874.99,9838.75,47.67728259,-122.24570723
1253694,2026-05-16T09:33:25,100.24,0.4345,F,2876.81,9838.18,47.67727748,-122.24568298,E,2876.81,9838.18,47.67727748,-122.24568298
1258770,2026-05-16T09:33:30,94.05,0.4643,F,2878.78,9837.83,47.67727432,-122.24565675,E,2878.78,9837.83,47.67727432,-122.24565675
1263860,2026-05-16T09:33:36,95.73,0.6012,F,2881.33,9837.28,47.6772694,-122.2456228,E,2881.33,9837.28,47.6772694,-122.2456228
1268953,2026-05-16T09:33:41,115.44,0.6071,F,2883.62,9835.71,47.67725528,-122.24559228,E,2883.62,9835.71,47.67725528,-122.24559228
1274041,2026-05-16T09:33:46,114.11,0.6369,F,2886.06,9834.13,47.6772411,-122.24555988,E,2886.06,9834.13,47.6772411,-122.24555988
1279103,2026-05-16T09:33:51,113,0.619,F,2888.43,9832.66,47.67722788,-122.24552823,E,2888.43,9832.66,47.67722788,-122.24552823
1284108,2026-05-16T09:33:56,113.23,0.4762,F,2890.24,9831.53,47.67721775,-122.2455042,E,2890.24,9831.53,47.67721775,-122.2455042
1289164,2026-05-16T09:34:01,116.34,0.3869,F,2891.67,9830.51,47.67720856,-122.24548507,E,2891.67,9830.51,47.67720856,-122.24548507
1294216,2026-05-16T09:34:06,116.96,0.369,F,2893.03,9829.52,47.67719965,-122.24546696,E,2893.03,9829.52,47.67719965,-122.24546696
1299292,2026-05-16T09:34:11,128.21,0.3512,F,2894.14,9828.27,47.67718848,-122.24545215,E,2894.14,9828.27,47.67718848,-122.24545215
1304393,2026-05-16T09:34:16,139.62,0.4048,F,2895.15,9826.54,47.67717289,-122.24543879,E,2895.15,9826.54,47.67717289,-122.24543879
1309442,2026-05-16T09:34:21,151.58,0.4048,F,2895.79,9824.58,47.6771553,-122.24543024,E,2895.79,9824.58,47.6771553,-122.24543024
1314519,2026-05-16T09:34:26,165.59,0.4226,F,2895.98,9822.33,47.67713511,-122.24542776,E,2895.98,9822.33,47.67713511,-122.24542776
1319599,2026-05-16T09:34:31,166.56,0.375,F,2896.11,9820.33,47.67711712,-122.24542597,E,2896.11,9820.33,47.67711712,-122.24542597
1324698,2026-05-16T09:34:36,166.69,0.4048,F,2896.25,9818.16,47.67709761,-122.2454241,E,2896.25,9818.16,47.67709761,-122.2454241
1329752,2026-05-16T09:34:41,190.43,0.4464,F,2895.48,9815.76,47.67707608,-122.24543441,E,2895.48,9815.76,47.67707608,-122.24543441
1334854,2026-05-16T09:34:47,186.82,0.4583,F,2894.82,9813.26,47.67705357,-122.24544315,E,2894.82,9813.26,47.67705357,-122.24544315
1339939,2026-05-16T09:34:52,138.27,0.3869,F,2895.81,9811.63,47.67703899,-122.24542995,E,2895.81,9811.63,47.67703899,-122.24542995
1345005,2026-05-16T09:34:57,114.94,0.4345,F,2897.45,9810.53,47.67702909,-122.24540812,E,2897.45,9810.53,47.67702909,-122.24540812
1350090,2026-05-16T09:35:02,114.29,0.4226,F,2899.06,9809.48,47.67701963,-122.24538667,E,2899.06,9809.48,47.67701963,-122.24538667
1355152,2026-05-16T09:35:07,106.4,0.4524,F,2900.89,9808.65,47.6770122,-122.24536235,E,2900.89,9808.65,47.6770122,-122.24536235
1360238,2026-05-16T09:35:12,101.13,0.4643,F,2902.82,9808.01,47.67700643,-122.24533658,E,2902.82,9808.01,47.67700643,-122.24533658
1365308,2026-05-16T09:35:17,90.24,0.4524,F,2904.74,9807.82,47.67700472,-122.24531098,E,2904.74,9807.82,47.67700472,-122.24531098
1370371,2026-05-16T09:35:22,78.47,0.4524,F,2906.62,9808.09,47.67700721,-122.24528604,E,2906.62,9808.09,47.67700721,-122.24528604
1375439,2026-05-16T09:35:27,68.84,0.4405,F,2908.34,9808.72,47.67701287,-122.24526312,E,2908.34,9808.72,47.67701287,-122.24526312
1380512,2026-05-16T09:35:32,91.29,0.4048,F,2910.06,9808.52,47.677011,-122.24524021,E,2910.06,9808.52,47.677011,-122.24524021
1385582,2026-05-16T09:35:37,99.81,0.3929,F,2911.7,9808.02,47.67700654,-122.24521836,E,2911.7,9808.02,47.67700654,-122.24521836
1390633,2026-05-16T09:35:42,105.62,0.4345,F,2913.45,9807.26,47.67699967,-122.24519495,E,2913.45,9807.26,47.67699967,-122.24519495
1395695,2026-05-16T09:35:47,111.77,0.2738,F,2914.52,9806.63,47.67699407,-122.24518079,E,2914.52,9806.63,47.67699407,-122.24518079
1400763,2026-05-16T09:35:52,105.29,0.5833,F,2916.89,9805.62,47.67698498,-122.24514919,E,2916.89,9805.62,47.67698498,-122.24514919
1405843,2026-05-16T09:35:58,125.53,0.4821,F,2918.49,9804,47.67697046,-122.24512793,E,2918.49,9804,47.67697046,-122.24512793
1410918,2026-05-16T09:36:03,127.52,0.4702,F,2919.99,9802.36,47.67695571,-122.24510787,E,2919.99,9802.36,47.67695571,-122.24510787
1415991,2026-05-16T09:36:08,113.03,0.4821,F,2921.85,9801.21,47.67694539,-122.24508317,E,2921.85,9801.21,47.67694539,-122.24508317
1421064,2026-05-16T09:36:13,111.65,0.4286,F,2923.52,9800.24,47.67693664,-122.24506095,E,2923.52,9800.24,47.67693664,-122.24506095
1426142,2026-05-16T09:36:18,118.2,0.4167,F,2925.04,9799.07,47.67692616,-122.24504067,E,2925.04,9799.07,47.67692616,-122.24504067
1431224,2026-05-16T09:36:23,118.11,0.4405,F,2926.65,9797.84,47.6769151,-122.24501921,E,2926.65,9797.84,47.6769151,-122.24501921
1436311,2026-05-16T09:36:28,116.25,0.4048,F,2928.16,9796.77,47.67690546,-122.24499905,E,2928.16,9796.77,47.67690546,-122.24499905
1441394,2026-05-16T09:36:33,116.25,0.3869,F,2929.61,9795.74,47.67689625,-122.2449798,E,2929.61,9795.74,47.67689625,-122.2449798
1446476,2026-05-16T09:36:38,116.07,0.3988,F,2931.1,9794.69,47.67688681,-122.24495993,E,2931.1,9794.69,47.67688681,-122.24495993
1451544,2026-05-16T09:36:43,117.88,0.3929,F,2932.54,9793.6,47.67687704,-122.24494078,E,2932.54,9793.6,47.67687704,-122.24494078
1456640,2026-05-16T09:36:48,110.85,0.4167,F,2934.18,9792.68,47.67686875,-122.24491893,E,2934.18,9792.68,47.67686875,-122.24491893
1461740,2026-05-16T09:36:53,105.38,0.3869,F,2935.76,9792,47.67686265,-122.24489785,E,2935.76,9792,47.67686265,-122.24489785
1466834,2026-05-16T09:36:59,103.76,0.381,F,2937.33,9791.39,47.67685713,-122.24487693,E,2937.33,9791.39,47.67685713,-122.24487693
1471915,2026-05-16T09:37:04,91.74,0.4226,F,2939.13,9791.15,47.67685502,-122.24485298,E,2939.13,9791.15,47.67685502,-122.24485298
1477004,2026-05-16T09:37:09,85.65,0.3929,F,2940.8,9791.15,47.67685497,-122.24483074,E,2940.8,9791.15,47.67685497,-122.24483074
1482108,2026-05-16T09:37:14,83.65,0.3214,F,2942.16,9791.2,47.67685543,-122.24481256,E,2942.16,9791.2,47.67685543,-122.24481256
1487184,2026-05-16T09:37:19,81.6,0.3036,F,2943.44,9791.3,47.67685636,-122.24479558,E,2943.44,9791.3,47.67685636,-122.24479558
1492263,2026-05-16T09:37:24,78.32,0.3631,F,2944.95,9791.53,47.67685841,-122.2447755,E,2944.95,9791.53,47.67685841,-122.2447755
1497334,2026-05-16T09:37:29,72.84,0.3869,F,2946.5,9791.95,47.67686222,-122.24475477,E,2946.5,9791.95,47.67686222,-122.24475477
1502413,2026-05-16T09:37:34,87.31,0.3512,F,2948,9791.9,47.67686171,-122.24473489,E,2948,9791.9,47.67686171,-122.24473489
1507502,2026-05-16T09:37:39,87.59,0.3631,F,2949.54,9791.83,47.6768611,-122.24471428,E,2949.54,9791.83,47.6768611,-122.24471428
1512562,2026-05-16T09:37:44,89.98,0.375,F,2951.13,9791.68,47.67685976,-122.24469311,E,2951.13,9791.68,47.67685976,-122.24469311
1517640,2026-05-16T09:37:49,95.79,0.3571,F,2952.64,9791.35,47.67685683,-122.24467299,E,2952.64,9791.35,47.67685683,-122.24467299
1522717,2026-05-16T09:37:54,89.06,0.3988,F,2954.34,9791.23,47.6768557,-122.24465039,E,2954.34,9791.23,47.6768557,-122.24465039
1527797,2026-05-16T09:37:59,79.48,0.3988,F,2956,9791.44,47.67685759,-122.24462824,E,2956,9791.44,47.67685759,-122.24462824
1532877,2026-05-16T09:38:05,75.86,0.3393,F,2957.4,9791.72,47.67686015,-122.24460969,E,2957.4,9791.72,47.67686015,-122.24460969
1537938,2026-05-16T09:38:10,69.97,0.375,F,2958.87,9792.22,47.67686464,-122.24459004,E,2958.87,9792.22,47.67686464,-122.24459004
1543034,2026-05-16T09:38:15,88.23,0.375,F,2960.47,9792.13,47.67686382,-122.24456872,E,2960.47,9792.13,47.67686382,-122.24456872
1548102,2026-05-16T09:38:20,85.88,0.4048,F,2962.19,9792.12,47.67686369,-122.2445459,E,2962.19,9792.12,47.67686369,-122.2445459
1553188,2026-05-16T09:38:25,87.56,0.375,F,2963.78,9792.05,47.67686307,-122.24452463,E,2963.78,9792.05,47.67686307,-122.24452463
1558269,2026-05-16T09:38:30,93.55,0.4524,F,2965.7,9791.73,47.67686016,-122.24449903,E,2965.7,9791.73,47.67686016,-122.24449903
1563368,2026-05-16T09:38:35,117.28,0.5595,F,2967.78,9790.19,47.6768464,-122.24447142,E,2967.78,9790.19,47.6768464,-122.24447142
1568407,2026-05-16T09:38:40,129.11,0.619,F,2969.69,9787.98,47.67682651,-122.24444591,E,2969.69,9787.98,47.67682651,-122.24444591
1573475,2026-05-16T09:38:45,133.69,0.6369,F,2971.5,9785.5,47.6768042,-122.24442179,E,2971.5,9785.5,47.6768042,-122.24442179
1578544,2026-05-16T09:38:50,140.59,0.494,F,2972.69,9783.36,47.67678504,-122.24440602,E,2972.69,9783.36,47.67678504,-122.24440602
1583618,2026-05-16T09:38:55,170.95,0.3988,F,2972.68,9781.21,47.67676566,-122.24440615,E,2972.68,9781.21,47.67676566,-122.24440615
1588699,2026-05-16T09:39:00,182.34,0.3869,F,2972.28,9779.09,47.67674662,-122.24441146,E,2972.28,9779.09,47.67674662,-122.24441146
1593779,2026-05-16T09:39:05,168.11,0.4107,F,2972.37,9776.88,47.67672681,-122.24441023,E,2972.37,9776.88,47.67672681,-122.24441023
1598857,2026-05-16T09:39:11,177.4,0.4226,F,2972.12,9774.57,47.67670603,-122.24441357,E,2972.12,9774.57,47.67670603,-122.24441357
1603946,2026-05-16T09:39:16,178.89,0.4167,F,2971.82,9772.28,47.67668548,-122.2444176,E,2971.82,9772.28,47.67668548,-122.2444176
1609033,2026-05-16T09:39:21,142.37,0.3988,F,2972.73,9770.51,47.67666961,-122.24440548,E,2972.73,9770.51,47.67666961,-122.24440548
1614131,2026-05-16T09:39:26,119.64,0.4226,F,2974.25,9769.28,47.67665851,-122.24438519,E,2974.25,9769.28,47.67665851,-122.24438519
1619183,2026-05-16T09:39:31,123.53,0.3512,F,2975.44,9768.16,47.67664845,-122.24436931,E,2975.44,9768.16,47.67664845,-122.24436931
1624263,2026-05-16T09:39:36,103.39,0.4107,F,2977.13,9767.51,47.67664263,-122.24434678,E,2977.13,9767.51,47.67664263,-122.24434678
1629339,2026-05-16T09:39:41,95.49,0.4226,F,2978.92,9767.14,47.67663927,-122.24432297,E,2978.92,9767.14,47.67663927,-122.24432297
1634391,2026-05-16T09:39:46,94.82,0.3929,F,2980.58,9766.81,47.67663637,-122.24430091,E,2980.58,9766.81,47.67663637,-122.24430091
1639464,2026-05-16T09:39:51,92.42,0.3929,F,2982.25,9766.57,47.6766342,-122.24427869,E,2982.25,9766.57,47.6766342,-122.24427869
1644539,2026-05-16T09:39:56,96.3,0.3929,F,2983.91,9766.2,47.67663082,-122.24425659,E,2983.91,9766.2,47.67663082,-122.24425659
1649609,2026-05-16T09:40:01,96.41,0.381,F,2985.51,9765.83,47.67662752,-122.24423519,E,2985.51,9765.83,47.67662752,-122.24423519
1654701,2026-05-16T09:40:06,92.89,0.369,F,2987.08,9765.58,47.67662533,-122.24421425,E,2987.08,9765.58,47.67662533,-122.24421425
1659776,2026-05-16T09:40:11,93.17,0.375,F,2988.68,9765.33,47.67662304,-122.24419305,E,2988.68,9765.33,47.67662304,-122.24419305
1664848,2026-05-16T09:40:17,92.23,0.5298,F,2990.93,9765.01,47.6766202,-122.24416309,E,2990.93,9765.01,47.6766202,-122.24416309
1669907,2026-05-16T09:40:22,99.81,0.6071,F,2993.46,9764.25,47.67661332,-122.2441294,E,2993.46,9764.25,47.67661332,-122.2441294
1674975,2026-05-16T09:40:27,104.6,0.6131,F,2995.96,9763.22,47.67660409,-122.24409606,E,2995.96,9763.22,47.67660409,-122.24409606
1680037,2026-05-16T09:40:32,126.07,0.6012,F,2997.93,9761.19,47.67658583,-122.24406986,E,2997.93,9761.19,47.67658583,-122.24406986
1685103,2026-05-16T09:40:37,171.84,0.4643,F,2997.88,9758.67,47.67656325,-122.24407049,E,2997.88,9758.67,47.67656325,-122.24407049
1690146,2026-05-16T09:40:42,199.88,0.6845,F,2996.15,9755.15,47.67653165,-122.24409358,E,2996.15,9755.15,47.67653165,-122.24409358
1695216,2026-05-16T09:40:47,186.46,0.7619,F,2995.08,9751.01,47.67649443,-122.2441077,E,2995.08,9751.01,47.67649443,-122.2441077
1700260,2026-05-16T09:40:52,259.2,0.7083,F,2991,9750.06,47.67648589,-122.24416215,E,2991,9750.06,47.67648589,-122.24416215
1705325,2026-05-16T09:40:57,297.17,0.619,F,2987.7,9751.25,47.67649653,-122.24420607,E,2987.7,9751.25,47.67649653,-122.24420607
1710329,2026-05-16T09:41:02,306.02,0.6012,F,2984.78,9752.78,47.67651029,-122.24424497,E,2984.78,9752.78,47.67651029,-122.24424497
1715430,2026-05-16T09:41:07,318.18,0.619,F,2982.16,9754.88,47.67652919,-122.24427982,E,2982.16,9754.88,47.67652919,-122.24427982
1720515,2026-05-16T09:41:12,332.35,0.6071,F,2980.23,9757.37,47.67655157,-122.24430557,E,2980.23,9757.37,47.67655157,-122.24430557
1725610,2026-05-16T09:41:17,353.25,0.6369,F,2979.32,9760.34,47.67657822,-122.24431765,E,2979.32,9760.34,47.67657822,-122.24431765
1730685,2026-05-16T09:41:22,326.34,0.6667,F,2976.9,9762.89,47.67660112,-122.24434993,E,2976.9,9762.89,47.67660112,-122.24434993
1735755,2026-05-16T09:41:27,277.44,0.6369,F,2973.17,9763.05,47.67660259,-122.24439954,E,2973.17,9763.05,47.67660259,-122.24439954
1740816,2026-05-16T09:41:33,272.87,0.6607,F,2969.29,9762.96,47.67660173,-122.24445124,E,2969.29,9762.96,47.67660173,-122.24445124
1745911,2026-05-16T09:41:38,284.8,0.6429,F,2965.59,9763.53,47.67660692,-122.24450049,E,2965.59,9763.53,47.67660692,-122.24450049
1750991,2026-05-16T09:41:43,287.34,0.6488,F,2961.91,9764.26,47.67661341,-122.24454951,E,2961.91,9764.26,47.67661341,-122.24454951
1756075,2026-05-16T09:41:48,301.25,0.6488,F,2958.56,9765.71,47.67662645,-122.24459418,E,2958.56,9765.71,47.67662645,-122.24459418
1761120,2026-05-16T09:41:53,296.78,0.5298,F,2955.74,9766.7,47.67663537,-122.24463173,E,2955.74,9766.7,47.67663537,-122.24463173
1766170,2026-05-16T09:41:58,279.77,0.4643,F,2953.05,9766.91,47.67663729,-122.24466757,E,2953.05,9766.91,47.67663729,-122.24466757
1771244,2026-05-16T09:42:03,232.02,0.4345,F,2950.96,9765.38,47.67662354,-122.24469547,E,2950.96,9765.38,47.67662354,-122.24469547
1776311,2026-05-16T09:42:08,224.99,0.4643,F,2948.91,9763.53,47.67660692,-122.2447227,E,2948.91,9763.53,47.67660692,-122.2447227
1781418,2026-05-16T09:42:13,216.09,0.4762,F,2947.08,9761.38,47.67658755,-122.24474703,E,2947.08,9761.38,47.67658755,-122.24474703
1786508,2026-05-16T09:42:18,159.69,0.4762,F,2947.53,9758.91,47.67656541,-122.24474105,E,2947.53,9758.91,47.67656541,-122.24474105
1791602,2026-05-16T09:42:23,124.26,0.4702,F,2949.12,9757.38,47.6765516,-122.24471986,E,2949.12,9757.38,47.6765516,-122.24471986
1796682,2026-05-16T09:42:28,95.9,0.4286,F,2950.94,9756.98,47.67654805,-122.24469571,E,2950.94,9756.98,47.67654805,-122.24469571
1801682,2026-05-16T09:42:33,87.72,0.4524,F,2952.83,9756.89,47.67654726,-122.24467049,E,2952.83,9756.89,47.67654726,-122.24467049
1806776,2026-05-16T09:42:38,73.85,0.5,F,2954.86,9757.4,47.67655182,-122.2446434,E,2954.86,9757.4,47.67655182,-122.2446434
1811862,2026-05-16T09:42:44,38.25,0.4821,F,2955.99,9759.13,47.67656738,-122.24462847,E,2955.99,9759.13,47.67656738,-122.24462847
1816953,2026-05-16T09:42:49,242.44,0.4286,F,2953.7,9757.95,47.67655676,-122.24465894,E,2953.7,9757.95,47.67655676,-122.24465894
1822027,2026-05-16T09:42:54,185.41,0.381,F,2953.2,9755.87,47.6765381,-122.24466554,E,2953.2,9755.87,47.6765381,-122.24466554
1827101,2026-05-16T09:42:59,144.89,0.4167,F,2954.08,9753.98,47.67652107,-122.24465391,E,2954.08,9753.98,47.67652107,-122.24465391
1832173,2026-05-16T09:43:04,116.23,0.4643,F,2955.81,9752.75,47.67651005,-122.24463085,E,2955.81,9752.75,47.67651005,-122.24463085
1837204,2026-05-16T09:43:09,89.61,0.4762,F,2957.81,9752.58,47.6765085,-122.24460411,E,2957.81,9752.58,47.6765085,-122.24460411
1842261,2026-05-16T09:43:14,91.2,0.4702,F,2959.81,9752.34,47.67650637,-122.24457758,E,2959.81,9752.34,47.67650637,-122.24457758
1847363,2026-05-16T09:43:19,89.25,0.4762,F,2961.84,9752.18,47.67650493,-122.24455047,E,2961.84,9752.18,47.67650493,-122.24455047
1852366,2026-05-16T09:43:24,92.3,0.4583,F,2963.76,9751.91,47.67650248,-122.2445249,E,2963.76,9751.91,47.67650248,-122.2445249
1857459,2026-05-16T09:43:29,101.15,0.4107,F,2965.48,9751.34,47.67649737,-122.24450208,E,2965.48,9751.34,47.67649737,-122.24450208
1862549,2026-05-16T09:43:34,102.01,0.4762,F,2967.45,9750.64,47.67649112,-122.24447573,E,2967.45,9750.64,47.67649112,-122.24447573
1867641,2026-05-16T09:43:39,100.31,0.4405,F,2969.3,9750.07,47.67648593,-122.24445118,E,2969.3,9750.07,47.67648593,-122.24445118
1872704,2026-05-16T09:43:44,101.72,0.4583,F,2971.19,9749.41,47.67648005,-122.24442592,E,2971.19,9749.41,47.67648005,-122.24442592
1877794,2026-05-16T09:43:49,114.53,0.4643,F,2972.96,9748.24,47.67646956,-122.24440239,E,2972.96,9748.24,47.67646956,-122.24440239
1882881,2026-05-16T09:43:55,121.32,0.4167,F,2974.43,9746.97,47.67645816,-122.24438284,E,2974.43,9746.97,47.67645816,-122.24438284
1887955,2026-05-16T09:44:00,123.15,0.4702,F,2976.04,9745.48,47.67644475,-122.24436139,E,2976.04,9745.48,47.67644475,-122.24436139
1893038,2026-05-16T09:44:05,130.98,0.4643,F,2977.44,9743.75,47.67642918,-122.24434275,E,2977.44,9743.75,47.67642918,-122.24434275
1898136,2026-05-16T09:44:10,144.51,0.4524,F,2978.4,9741.69,47.67641067,-122.24432989,E,2978.4,9741.69,47.67641067,-122.24432989
1903200,2026-05-16T09:44:15,143.98,0.4583,F,2979.39,9739.63,47.67639217,-122.24431672,E,2979.39,9739.63,47.67639217,-122.24431672
1908256,2026-05-16T09:44:20,173.91,0.4345,F,2979.27,9737.27,47.67637099,-122.24431836,E,2979.27,9737.27,47.67637099,-122.24431836
1913308,2026-05-16T09:44:25,181.54,0.4405,F,2978.85,9734.87,47.67634943,-122.24432395,E,2978.85,9734.87,47.67634943,-122.24432395
1918384,2026-05-16T09:44:30,147.73,0.4405,F,2979.68,9732.8,47.67633086,-122.24431288,E,2979.68,9732.8,47.67633086,-122.24431288
1923464,2026-05-16T09:44:35,128.42,0.4226,F,2981.01,9731.3,47.67631736,-122.24429511,E,2981.01,9731.3,47.67631736,-122.24429511
1928545,2026-05-16T09:44:40,127.62,0.3929,F,2982.27,9729.92,47.676305,-122.24427836,E,2982.27,9729.92,47.676305,-122.24427836
1933638,2026-05-16T09:44:45,164.26,0.381,F,2982.48,9727.9,47.67628685,-122.24427553,E,2982.48,9727.9,47.67628685,-122.24427553
1938726,2026-05-16T09:44:50,145.54,0.4048,F,2983.32,9726.04,47.67627013,-122.24426445,E,2983.32,9726.04,47.67627013,-122.24426445
1943834,2026-05-16T09:44:56,141.76,0.4167,F,2984.29,9724.2,47.67625361,-122.2442515,E,2984.29,9724.2,47.67625361,-122.2442515
1948936,2026-05-16T09:45:01,143.48,0.5595,F,2985.52,9721.68,47.67623098,-122.24423503,E,2985.52,9721.68,47.67623098,-122.24423503
1954042,2026-05-16T09:45:06,139.59,0.5952,F,2987,9719.13,47.67620804,-122.24421535,E,2987,9719.13,47.67620804,-122.24421535
1959138,2026-05-16T09:45:11,171.57,0.4464,F,2986.97,9716.7,47.67618621,-122.24421582,E,2986.97,9716.7,47.67618621,-122.24421582
1964156,2026-05-16T09:45:16,166.8,0.3929,F,2987.1,9714.63,47.67616757,-122.24421408,E,2987.1,9714.63,47.67616757,-122.24421408
1969214,2026-05-16T09:45:21,166.16,0.369,F,2987.24,9712.67,47.67614997,-122.24421216,E,2987.24,9712.67,47.67614997,-122.24421216
1974271,2026-05-16T09:45:26,160.73,0.375,F,2987.56,9710.73,47.67613255,-122.24420791,E,2987.56,9710.73,47.67613255,-122.24420791
1979356,2026-05-16T09:45:31,169.47,0.3571,F,2987.6,9708.8,47.67611522,-122.24420741,E,2987.6,9708.8,47.67611522,-122.24420741
1984443,2026-05-16T09:45:36,167,0.375,F,2987.72,9706.79,47.67609717,-122.24420581,E,2987.72,9706.79,47.67609717,-122.24420581
1989525,2026-05-16T09:45:41,180.07,0.3214,F,2987.45,9705.03,47.67608134,-122.24420936,E,2987.45,9705.03,47.67608134,-122.24420936
1994616,2026-05-16T09:45:46,163.66,0.5238,F,2987.77,9702.26,47.67605647,-122.24420512,E,2987.77,9702.26,47.67605647,-122.24420512
1999676,2026-05-16T09:45:51,166.74,0.5774,F,2987.97,9699.18,47.67602885,-122.2442025,E,2987.97,9699.18,47.67602885,-122.2442025
2004736,2026-05-16T09:45:56,173.44,0.5774,F,2987.83,9696.05,47.67600071,-122.24420436,E,2987.83,9696.05,47.67600071,-122.24420436
2009819,2026-05-16T09:46:02,180.76,0.5893,F,2987.3,9692.82,47.67597168,-122.24421136,E,2987.3,9692.82,47.67597168,-122.24421136
2014879,2026-05-16T09:46:07,190.98,0.5595,F,2986.3,9689.82,47.67594471,-122.24422465,E,2986.3,9689.82,47.67594471,-122.24422465
2019960,2026-05-16T09:46:12,211.71,0.5357,F,2984.43,9687.29,47.67592198,-122.24424958,E,2984.43,9687.29,47.67592198,-122.24424958
2025055,2026-05-16T09:46:17,259.12,0.6012,F,2980.93,9686.47,47.67591462,-122.24429625,E,2980.93,9686.47,47.67591462,-122.24429625
2030128,2026-05-16T09:46:22,225.96,0.4345,F,2978.99,9684.76,47.67589929,-122.24432211,E,2978.99,9684.76,47.67589929,-122.24432211
2035194,2026-05-16T09:46:27,197.19,0.5119,F,2977.8,9682.08,47.6758752,-122.24433792,E,2977.8,9682.08,47.6758752,-122.24433792
2040255,2026-05-16T09:46:32,217.22,0.5774,F,2975.56,9679.52,47.67585223,-122.24436776,E,2975.56,9679.52,47.67585223,-122.24436776
2045322,2026-05-16T09:46:37,244.08,0.6012,F,2972.33,9677.95,47.67583811,-122.24441083,E,2972.33,9677.95,47.67583811,-122.24441083
2050413,2026-05-16T09:46:42,285.42,0.6131,F,2968.81,9678.53,47.67584335,-122.24445764,E,2968.81,9678.53,47.67584335,-122.24445764
2055482,2026-05-16T09:46:47,277.34,0.6071,F,2965.26,9678.68,47.67584471,-122.24450494,E,2965.26,9678.68,47.67584471,-122.24450494
2060543,2026-05-16T09:46:52,285.51,0.6071,F,2961.8,9679.26,47.67584991,-122.244551,E,2961.8,9679.26,47.67584991,-122.244551
2065630,2026-05-16T09:46:57,226.06,0.5,F,2959.56,9677.3,47.67583225,-122.24458088,E,2959.56,9677.3,47.67583225,-122.24458088
2070685,2026-05-16T09:47:02,267.25,0.4167,F,2957.11,9677.03,47.67582985,-122.24461345,E,2957.11,9677.03,47.67582985,-122.24461345
2075732,2026-05-16T09:47:07,228.53,0.4167,F,2955.2,9675.47,47.67581585,-122.24463898,E,2955.2,9675.47,47.67581585,-122.24463898
2080817,2026-05-16T09:47:13,235.09,0.3988,F,2953.21,9674.15,47.67580399,-122.2446655,E,2953.21,9674.15,47.67580399,-122.2446655
2085898,2026-05-16T09:47:18,222.36,0.381,F,2951.59,9672.57,47.67578977,-122.24468705,E,2951.59,9672.57,47.67578977,-122.24468705
2091000,2026-05-16T09:47:23,266.55,0.4286,F,2949.05,9672.27,47.67578704,-122.24472085,E,2949.05,9672.27,47.67578704,-122.24472085
2096070,2026-05-16T09:47:28,227.25,0.375,F,2947.35,9670.82,47.6757741,-122.24474354,E,2947.35,9670.82,47.6757741,-122.24474354
2101159,2026-05-16T09:47:33,227.41,0.4107,F,2945.47,9669.25,47.67575991,-122.24476855,E,2945.47,9669.25,47.67575991,-122.24476855
2106266,2026-05-16T09:47:38,272.06,0.3929,F,2943.14,9669.16,47.67575914,-122.24479959,E,2943.14,9669.16,47.67575914,-122.24479959
2111302,2026-05-16T09:47:43,274.42,0.5,F,2940.22,9669.16,47.6757591,-122.24483846,E,2940.22,9669.16,47.6757591,-122.24483846
2116394,2026-05-16T09:47:48,247.62,0.5714,F,2937.06,9667.82,47.67574709,-122.24488057,E,2937.06,9667.82,47.67574709,-122.24488057
2121462,2026-05-16T09:47:53,230.93,0.5298,F,2934.54,9665.91,47.67572998,-122.24491413,E,2934.54,9665.91,47.67572998,-122.24491413
2126515,2026-05-16T09:47:58,312.26,0.4405,F,2932.53,9667.24,47.67574185,-122.24494087,E,2932.53,9667.24,47.67574185,-122.24494087
2131583,2026-05-16T09:48:03,350.94,0.3929,F,2931.89,9669.04,47.67575811,-122.24494935,E,2931.89,9669.04,47.67575811,-122.24494935
2136665,2026-05-16T09:48:08,11.14,0.4107,F,2931.96,9670.93,47.67577503,-122.24494848,E,2931.96,9670.93,47.67577503,-122.24494848
2141725,2026-05-16T09:48:13,25.02,0.4286,F,2932.53,9672.72,47.67579114,-122.24494094,E,2932.53,9672.72,47.67579114,-122.24494094
2146791,2026-05-16T09:48:18,329.18,0.4286,F,2931.06,9674.42,47.67580636,-122.24496045,E,2931.06,9674.42,47.67580636,-122.24496045
2151872,2026-05-16T09:48:24,271.58,0.4345,F,2928.5,9674.3,47.67580534,-122.2449946,E,2928.5,9674.3,47.67580534,-122.2449946
2156944,2026-05-16T09:48:29,264.76,0.4107,F,2926.08,9673.95,47.67580216,-122.24502673,E,2926.08,9673.95,47.67580216,-122.24502673
2161946,2026-05-16T09:48:34,280.08,0.4405,F,2923.56,9674.16,47.67580406,-122.24506038,E,2923.56,9674.16,47.67580406,-122.24506038
2167020,2026-05-16T09:48:39,205.92,0.4583,F,2922.17,9671.89,47.67578362,-122.24507893,E,2922.17,9671.89,47.67578362,-122.24507893
2172126,2026-05-16T09:48:44,145.75,0.4286,F,2923.04,9669.9,47.67576582,-122.24506725,E,2923.04,9669.9,47.67576582,-122.24506725
2177128,2026-05-16T09:48:49,103.28,0.4107,F,2924.71,9669.27,47.67576013,-122.24504505,E,2924.71,9669.27,47.67576013,-122.24504505
2182200,2026-05-16T09:48:54,105.66,0.4583,F,2926.57,9668.46,47.67575285,-122.24502026,E,2926.57,9668.46,47.67575285,-122.24502026
2187286,2026-05-16T09:48:59,92.8,0.4643,F,2928.55,9668.16,47.67575014,-122.24499394,E,2928.55,9668.16,47.67575014,-122.24499394
2192331,2026-05-16T09:49:04,76.65,0.4583,F,2930.42,9668.51,47.6757533,-122.24496896,E,2930.42,9668.51,47.6757533,-122.24496896
2197418,2026-05-16T09:49:09,79.07,0.5238,F,2932.61,9668.8,47.67575595,-122.24493987,E,2932.61,9668.8,47.67575595,-122.24493987
2202457,2026-05-16T09:49:14,96.18,0.4405,F,2934.45,9668.39,47.67575223,-122.24491527,E,2934.45,9668.39,47.67575223,-122.24491527
2207545,2026-05-16T09:49:19,102.38,0.4345,F,2936.25,9667.74,47.67574641,-122.24489127,E,2936.25,9667.74,47.67574641,-122.24489127
2212642,2026-05-16T09:49:24,116.5,0.4226,F,2937.83,9666.61,47.67573625,-122.24487025,E,2937.83,9666.61,47.67573625,-122.24487025
2217713,2026-05-16T09:49:29,120.58,0.4464,F,2939.42,9665.28,47.6757243,-122.24484917,E,2939.42,9665.28,47.6757243,-122.24484917
2222716,2026-05-16T09:49:34,118.06,0.4524,F,2941.05,9664.04,47.67571313,-122.24482746,E,2941.05,9664.04,47.67571313,-122.24482746
2227819,2026-05-16T09:49:40,124.19,0.4464,F,2942.56,9662.58,47.67570002,-122.24480727,E,2942.56,9662.58,47.67570002,-122.24480727
2232823,2026-05-16T09:49:45,128.16,0.5833,F,2944.38,9660.54,47.67568175,-122.244783,E,2944.38,9660.54,47.67568175,-122.244783
2237908,2026-05-16T09:49:50,137.4,0.631,F,2946.04,9657.93,47.67565826,-122.244761,E,2946.04,9657.93,47.67565826,-122.244761
2242993,2026-05-16T09:49:55,153.26,0.5714,F,2946.87,9655.11,47.67563289,-122.24474986,E,2946.87,9655.11,47.67563289,-122.24474986
2248074,2026-05-16T09:50:00,159.87,0.5893,F,2947.42,9652.06,47.67560552,-122.24474259,E,2947.42,9652.06,47.67560552,-122.24474259
2253171,2026-05-16T09:50:05,147.21,0.494,F,2948.37,9649.74,47.67558472,-122.24472987,E,2948.37,9649.74,47.67558472,-122.24472987
2258266,2026-05-16T09:50:10,151.62,0.4107,F,2949.03,9647.74,47.6755667,-122.24472113,E,2949.03,9647.74,47.6755667,-122.24472113
2263360,2026-05-16T09:50:15,163.24,0.3869,F,2949.28,9645.69,47.67554835,-122.24471782,E,2949.28,9645.69,47.67554835,-122.24471782
2268450,2026-05-16T09:50:20,146.03,0.3571,F,2950,9644.04,47.67553352,-122.24470821,E,2950,9644.04,47.67553352,-122.24470821
2273537,2026-05-16T09:50:25,129.42,0.369,F,2951.14,9642.7,47.67552149,-122.24469295,E,2951.14,9642.7,47.67552149,-122.24469295
2278629,2026-05-16T09:50:30,121.43,0.4048,F,2952.57,9641.47,47.67551037,-122.24467397,E,2952.57,9641.47,47.67551037,-122.24467397
2283725,2026-05-16T09:50:35,121.43,0.3988,F,2953.97,9640.25,47.67549941,-122.24465526,E,2953.97,9640.25,47.67549941,-122.24465526
2288800,2026-05-16T09:50:40,119.05,0.3929,F,2955.39,9639.12,47.6754893,-122.24463634,E,2955.39,9639.12,47.6754893,-122.24463634
2293873,2026-05-16T09:50:46,122.01,0.3631,F,2956.66,9638,47.67547923,-122.24461951,E,2956.66,9638,47.67547923,-122.24461951
2298873,2026-05-16T09:50:51,113.38,0.381,F,2958.1,9637.09,47.67547109,-122.24460034,E,2958.1,9637.09,47.67547109,-122.24460034
2303959,2026-05-16T09:50:56,112.64,0.375,F,2959.55,9636.21,47.67546314,-122.24458101,E,2959.55,9636.21,47.67546314,-122.24458101
2309044,2026-05-16T09:51:01,115.35,0.381,F,2960.99,9635.23,47.67545432,-122.24456187,E,2960.99,9635.23,47.67545432,-122.24456187
2314107,2026-05-16T09:51:06,119.26,0.5536,F,2962.98,9633.64,47.67544002,-122.24453535,E,2962.98,9633.64,47.67544002,-122.24453535
2319183,2026-05-16T09:51:11,134.63,0.625,F,2964.72,9631.16,47.67541776,-122.24451212,E,2964.72,9631.16,47.67541776,-122.24451212
2324251,2026-05-16T09:51:16,152.13,0.619,F,2965.68,9628.14,47.67539062,-122.24449936,E,2965.68,9628.14,47.67539062,-122.24449936
2329344,2026-05-16T09:51:21,156.88,0.6369,F,2966.43,9624.9,47.67536153,-122.24448939,E,2966.43,9624.9,47.67536153,-122.24448939
2334346,2026-05-16T09:51:26,154.12,0.625,F,2967.29,9621.84,47.67533404,-122.24447796,E,2967.29,9621.84,47.67533404,-122.24447796
2339454,2026-05-16T09:51:31,153.69,0.6071,F,2968.16,9618.81,47.67530688,-122.24446635,E,2968.16,9618.81,47.67530688,-122.24446635
2344547,2026-05-16T09:51:36,156.9,0.5952,F,2968.86,9615.79,47.67527968,-122.24445705,E,2968.86,9615.79,47.67527968,-122.24445705
2349633,2026-05-16T09:51:41,177.87,0.131,F,2968.77,9615.07,47.67527323,-122.24445816,E,2968.77,9615.07,47.67527323,-122.24445816
2354709,2026-05-16T09:51:46,203.69,0.0595,F,2968.6,9614.77,47.67527053,-122.24446042,E,2968.6,9614.77,47.67527053,-122.24446042
2359764,2026-05-16T09:51:51,256.55,0.0357,F,2968.4,9614.71,47.67527003,-122.24446315,E,2968.4,9614.71,47.67527003,-122.24446315
2364837,2026-05-16T09:51:57,256.15,0.0179,F,2968.29,9614.68,47.67526977,-122.24446452,E,2968.29,9614.68,47.67526977,-122.24446452
2369902,2026-05-16T09:52:02,215.71,0.0298,F,2968.18,9614.55,47.67526856,-122.24446602,E,2968.18,9614.55,47.67526856,-122.24446602
2374946,2026-05-16T09:52:07,192.76,0.0655,F,2968.06,9614.2,47.67526543,-122.24446771,E,2968.06,9614.2,47.67526543,-122.24446771
2380017,2026-05-16T09:52:12,162.22,0.4405,F,2968.38,9611.9,47.67524474,-122.24446344,E,2968.38,9611.9,47.67524474,-122.24446344
2385095,2026-05-16T09:52:17,161.29,0.5952,F,2968.86,9608.8,47.67521688,-122.24445705,E,2968.86,9608.8,47.67521688,-122.24445705
2390190,2026-05-16T09:52:22,166.59,0.619,F,2969.08,9605.48,47.67518709,-122.24445411,E,2969.08,9605.48,47.67518709,-122.24445411
2395273,2026-05-16T09:52:27,167.12,0.4702,F,2969.22,9602.96,47.67516447,-122.24445217,E,2969.22,9602.96,47.67516447,-122.24445217
2400334,2026-05-16T09:52:32,176.12,0.4345,F,2969.01,9600.59,47.6751432,-122.24445494,E,2969.01,9600.59,47.6751432,-122.24445494
2405425,2026-05-16T09:52:37,179.37,0.3929,F,2968.71,9598.44,47.67512382,-122.24445896,E,2968.71,9598.44,47.67512382,-122.24445896
2410438,2026-05-16T09:52:42,169.21,0.4048,F,2968.76,9596.28,47.67510447,-122.24445828,E,2968.76,9596.28,47.67510447,-122.24445828
2415487,2026-05-16T09:52:47,157.73,0.4167,F,2969.22,9594.17,47.67508549,-122.2444522,E,2969.22,9594.17,47.67508549,-122.2444522
2420591,2026-05-16T09:52:52,170.32,0.375,F,2969.23,9592.13,47.67506719,-122.24445204,E,2969.23,9592.13,47.67506719,-122.24445204
2425693,2026-05-16T09:52:57,153.68,0.4405,F,2969.86,9589.94,47.6750475,-122.24444362,E,2969.86,9589.94,47.6750475,-122.24444362
2430763,2026-05-16T09:53:02,136.31,0.4345,F,2971.03,9588.17,47.67503163,-122.24442811,E,2971.03,9588.17,47.67503163,-122.24442811
2435832,2026-05-16T09:53:08,157.79,0.4524,F,2971.52,9585.87,47.67501094,-122.24442151,E,2971.52,9585.87,47.67501094,-122.24442151
2440937,2026-05-16T09:53:13,144.1,0.4524,F,2972.5,9583.82,47.67499249,-122.24440846,E,2972.5,9583.82,47.67499249,-122.24440846
2446004,2026-05-16T09:53:18,137.07,0.4167,F,2973.6,9582.1,47.67497711,-122.24439386,E,2973.6,9582.1,47.67497711,-122.24439386
2451069,2026-05-16T09:53:23,135.7,0.4464,F,2974.81,9580.31,47.67496097,-122.2443777,E,2974.81,9580.31,47.67496097,-122.2443777
2456163,2026-05-16T09:53:28,126.61,0.4345,F,2976.23,9578.81,47.67494755,-122.24435882,E,2976.23,9578.81,47.67494755,-122.24435882
2461245,2026-05-16T09:53:33,117.88,0.4345,F,2977.83,9577.61,47.67493671,-122.24433758,E,2977.83,9577.61,47.67493671,-122.24433758
2466321,2026-05-16T09:53:38,113.35,0.4464,F,2979.54,9576.53,47.67492704,-122.24431476,E,2979.54,9576.53,47.67492704,-122.24431476
2471392,2026-05-16T09:53:43,123.7,0.4048,F,2980.91,9575.23,47.67491535,-122.24429645,E,2980.91,9575.23,47.67491535,-122.24429645
2476439,2026-05-16T09:53:48,123.55,0.4107,F,2982.31,9573.92,47.67490359,-122.24427791,E,2982.31,9573.92,47.67490359,-122.24427791
2481539,2026-05-16T09:53:53,114.8,0.4286,F,2983.94,9572.83,47.67489381,-122.2442562,E,2983.94,9572.83,47.67489381,-122.2442562
2486601,2026-05-16T09:53:58,122.21,0.4405,F,2985.46,9571.47,47.67488155,-122.24423588,E,2985.46,9571.47,47.67488155,-122.24423588
2491650,2026-05-16T09:54:03,119,0.4345,F,2987.02,9570.23,47.67487044,-122.24421506,E,2987.02,9570.23,47.67487044,-122.24421506
2496733,2026-05-16T09:54:08,133.64,0.4167,F,2988.21,9568.6,47.67485581,-122.24419921,E,2988.21,9568.6,47.67485581,-122.24419921
2501806,2026-05-16T09:54:14,120.38,0.4643,F,2989.86,9567.22,47.67484344,-122.24417723,E,2989.86,9567.22,47.67484344,-122.24417723
2506861,2026-05-16T09:54:19,131.63,0.4107,F,2991.08,9565.68,47.67482958,-122.24416104,E,2991.08,9565.68,47.67482958,-122.24416104
2511944,2026-05-16T09:54:24,118.02,0.3393,F,2992.32,9564.74,47.67482108,-122.24414449,E,2992.32,9564.74,47.67482108,-122.24414449
2517024,2026-05-16T09:54:29,119.57,0.0774,F,2992.6,9564.51,47.67481906,-122.24414078,E,2992.6,9564.51,47.67481906,-122.24414078
2522075,2026-05-16T09:54:34,123.72,0.0119,F,2992.64,9564.47,47.67481872,-122.24414024,E,2992.64,9564.47,47.67481872,-122.24414024
2527152,2026-05-16T09:54:39,141.6,0.0179,F,2992.68,9564.39,47.67481802,-122.24413969,E,2992.68,9564.39,47.67481802,-122.24413969
2532213,2026-05-16T09:54:44,160.41,0.006,F,2992.69,9564.36,47.67481774,-122.24413962,E,2992.69,9564.36,47.67481774,-122.24413962
2537284,2026-05-16T09:54:49,207.02,0.0298,F,2992.6,9564.22,47.67481642,-122.24414086,E,2992.6,9564.22,47.67481642,-122.24414086
2542356,2026-05-16T09:54:54,227.03,0.0119,F,2992.54,9564.17,47.67481601,-122.24414158,E,2992.54,9564.17,47.67481601,-122.24414158
2547432,2026-05-16T09:54:59,288.43,0.119,F,2991.87,9564.31,47.6748173,-122.24415051,E,2991.87,9564.31,47.6748173,-122.24415051
2552511,2026-05-16T09:55:04,320.18,0.5714,F,2989.54,9566.31,47.67483527,-122.24418153,E,2989.54,9566.31,47.67483527,-122.24418153
2557598,2026-05-16T09:55:09,330.18,0.619,F,2987.47,9568.8,47.67485758,-122.24420918,E,2987.47,9568.8,47.67485758,-122.24420918
2562642,2026-05-16T09:55:14,330.18,0.5298,F,2985.7,9570.91,47.67487651,-122.24423265,E,2985.7,9570.91,47.67487651,-122.24423265
2567738,2026-05-16T09:55:19,349.61,0.4524,F,2984.91,9572.99,47.67489525,-122.24424316,E,2984.91,9572.99,47.67489525,-122.24424316
2572824,2026-05-16T09:55:25,16.72,0.4524,F,2985.2,9575.01,47.67491341,-122.24423931,E,2985.2,9575.01,47.67491341,-122.24423931
2577891,2026-05-16T09:55:30,27.39,0.4286,F,2985.85,9576.77,47.6749292,-122.24423069,E,2985.85,9576.77,47.6749292,-122.24423069
2582986,2026-05-16T09:55:35,21.03,0.4524,F,2986.3,9578.74,47.67494689,-122.24422464,E,2986.3,9578.74,47.67494689,-122.24422464
2588054,2026-05-16T09:55:40,18.12,0.4405,F,2986.64,9580.69,47.67496437,-122.24422021,E,2986.64,9580.69,47.67496437,-122.24422021
2593145,2026-05-16T09:55:45,26.55,0.5714,F,2987.47,9583.06,47.67498569,-122.24420917,E,2987.47,9583.06,47.67498569,-122.24420917
2598229,2026-05-16T09:55:50,29.62,0.6429,F,2988.55,9585.64,47.6750089,-122.24419471,E,2988.55,9585.64,47.6750089,-122.24419471
2603255,2026-05-16T09:55:55,32.67,0.6607,F,2989.81,9588.18,47.67503165,-122.244178,E,2989.81,9588.18,47.67503165,-122.244178
2608342,2026-05-16T09:56:00,17.29,0.6429,F,2990.25,9591.04,47.67505739,-122.24417211,E,2990.25,9591.04,47.67505739,-122.24417211
2613418,2026-05-16T09:56:05,340.28,0.6786,F,2988.53,9594.01,47.67508408,-122.24419502,E,2988.53,9594.01,47.67508408,-122.24419502
2618483,2026-05-16T09:56:10,304.11,0.6667,F,2985.19,9595.64,47.6750987,-122.24423955,E,2985.19,9595.64,47.6750987,-122.24423955
2623552,2026-05-16T09:56:15,297.56,0.619,F,2981.9,9596.84,47.67510952,-122.24428337,E,2981.9,9596.84,47.67510952,-122.24428337
2628618,2026-05-16T09:56:20,264.22,0.6012,F,2978.37,9596.3,47.6751046,-122.2443303,E,2978.37,9596.3,47.6751046,-122.2443303
2633689,2026-05-16T09:56:25,269.99,0.6548,F,2974.51,9596.03,47.67510225,-122.24438169,E,2974.51,9596.03,47.67510225,-122.24438169
2638774,2026-05-16T09:56:30,275.67,0.6667,F,2970.59,9596.1,47.67510285,-122.24443394,E,2970.59,9596.1,47.67510285,-122.24443394
2643836,2026-05-16T09:56:36,238.59,0.6071,F,2967.47,9594.26,47.67508629,-122.24447551,E,2967.47,9594.26,47.67508629,-122.24447551
2648908,2026-05-16T09:56:41,258.19,0.4821,F,2964.68,9593.56,47.67508006,-122.24451266,E,2964.68,9593.56,47.67508006,-122.24451266
2653979,2026-05-16T09:56:46,275.07,0.4345,F,2962.13,9593.59,47.67508025,-122.24454665,E,2962.13,9593.59,47.67508025,-122.24454665
2659073,2026-05-16T09:56:51,238.63,0.4345,F,2959.88,9592.26,47.67506833,-122.2445766,E,2959.88,9592.26,47.67506833,-122.2445766
2664168,2026-05-16T09:56:56,266.51,0.4464,F,2957.24,9591.94,47.67506548,-122.24461174,E,2957.24,9591.94,47.67506548,-122.24461174
2669256,2026-05-16T09:57:01,274.64,0.5833,F,2953.8,9591.95,47.67506553,-122.24465755,E,2953.8,9591.95,47.67506553,-122.24465755
2674311,2026-05-16T09:57:06,290.53,0.6488,F,2950.2,9592.84,47.67507354,-122.24470553,E,2950.2,9592.84,47.67507354,-122.24470553
2679360,2026-05-16T09:57:11,300.23,0.6488,F,2946.84,9594.23,47.67508604,-122.2447503,E,2946.84,9594.23,47.67508604,-122.2447503
2684446,2026-05-16T09:57:16,325.58,0.6548,F,2944.42,9596.71,47.67510836,-122.24478256,E,2944.42,9596.71,47.67510836,-122.24478256
2689524,2026-05-16T09:57:21,308.6,0.6726,F,2941.19,9598.58,47.67512508,-122.24482548,E,2941.19,9598.58,47.67512508,-122.24482548
2694608,2026-05-16T09:57:26,293.63,0.5952,F,2937.93,9599.55,47.67513383,-122.24486893,E,2937.93,9599.55,47.67513383,-122.24486893
2699703,2026-05-16T09:57:31,284.9,0.3512,F,2935.91,9599.87,47.6751367,-122.24489583,E,2935.91,9599.87,47.6751367,-122.24489583
2704765,2026-05-16T09:57:36,255.34,0.5952,F,2932.51,9598.87,47.67512772,-122.24494115,E,2932.51,9598.87,47.67512772,-122.24494115
2709822,2026-05-16T09:57:42,298.47,0.6667,F,2929,9600.21,47.67513976,-122.2449879,E,2929,9600.21,47.67513976,-122.2449879
2714892,2026-05-16T09:57:47,311.21,0.625,F,2926.1,9602.05,47.67515627,-122.24502649,E,2926.1,9602.05,47.67515627,-122.24502649
2719943,2026-05-16T09:57:52,349.29,0.6488,F,2924.96,9605.01,47.67518288,-122.24504167,E,2924.96,9605.01,47.67518288,-122.24504167
2725030,2026-05-16T09:57:57,352.23,0.6429,F,2923.99,9607.99,47.67520967,-122.24505462,E,2923.99,9607.99,47.67520967,-122.24505462
2730103,2026-05-16T09:58:02,12.71,0.5179,F,2924.14,9610.35,47.67523083,-122.24505259,E,2924.14,9610.35,47.67523083,-122.24505259
2735171,2026-05-16T09:58:07,41.57,0.1012,F,2924.4,9610.69,47.67523392,-122.24504917,E,2924.4,9610.69,47.67523392,-122.24504917
2740262,2026-05-16T09:58:12,33.44,0.25,F,2924.9,9611.65,47.67524256,-122.24504257,E,2924.9,9611.65,47.67524256,-122.24504257
2745352,2026-05-16T09:58:17,12.66,0.5417,F,2925.05,9614.13,47.67526477,-122.24504047,E,2925.05,9614.13,47.67526477,-122.24504047
2750431,2026-05-16T09:58:22,8.91,0.6071,F,2925.03,9616.93,47.67528995,-122.24504076,E,2925.03,9616.93,47.67528995,-122.24504076
2755506,2026-05-16T09:58:27,298.7,0.4405,F,2922.71,9617.83,47.67529801,-122.24507171,E,2922.71,9617.83,47.67529801,-122.24507171
2760569,2026-05-16T09:58:32,351.83,0.4702,F,2921.98,9620,47.67531749,-122.24508135,E,2921.98,9620,47.67531749,-122.24508135
2765634,2026-05-16T09:58:37,11.97,0.4405,F,2922.09,9622,47.67533552,-122.24508,E,2922.09,9622,47.67533552,-122.24508
2770639,2026-05-16T09:58:42,18.45,0.2143,F,2922.25,9622.93,47.6753439,-122.24507779,E,2922.25,9622.93,47.6753439,-122.24507779
2775726,2026-05-16T09:58:47,324.61,0.0417,F,2922.09,9623.09,47.6753453,-122.24507989,E,2922.09,9623.09,47.6753453,-122.24507989
2780815,2026-05-16T09:58:53,224.28,0.0298,F,2921.96,9622.97,47.67534422,-122.24508162,E,2921.96,9622.97,47.67534422,-122.24508162
2785874,2026-05-16T09:58:58,318.59,0.006,F,2921.94,9622.99,47.6753444,-122.24508196,E,2921.94,9622.99,47.6753444,-122.24508196
2790932,2026-05-16T09:59:03,19.24,0.0298,F,2921.96,9623.12,47.67534558,-122.24508162,E,2921.96,9623.12,47.67534558,-122.24508162
2795936,2026-05-16T09:59:08,36.58,0.006,F,2921.98,9623.14,47.67534577,-122.24508145,E,2921.98,9623.14,47.67534577,-122.24508145
2801023,2026-05-16T09:59:13,49.34,0.3571,F,2923.06,9624.18,47.67535512,-122.24506701,E,2923.06,9624.18,47.67535512,-122.24506701
2806106,2026-05-16T09:59:18,59.3,0.5952,F,2925.17,9625.49,47.67536685,-122.24503889,E,2925.17,9625.49,47.67536685,-122.24503889
2811211,2026-05-16T09:59:23,60.92,0.506,F,2927.01,9626.54,47.6753763,-122.2450144,E,2927.01,9626.54,47.6753763,-122.2450144
2816279,2026-05-16T09:59:28,55.56,0.4881,F,2928.65,9627.75,47.67538711,-122.24499256,E,2928.65,9627.75,47.67538711,-122.24499256
2821369,2026-05-16T09:59:33,34.54,0.1131,F,2928.88,9628.17,47.67539096,-122.24498946,E,2928.88,9628.17,47.67539096,-122.24498946
2826442,2026-05-16T09:59:38,31.65,0.3988,F,2929.62,9629.74,47.675405,-122.24497968,E,2929.62,9629.74,47.675405,-122.24497968
2831527,2026-05-16T09:59:43,39.33,0.5774,F,2931,9631.78,47.67542332,-122.24496124,E,2931,9631.78,47.67542332,-122.24496124
2836597,2026-05-16T09:59:48,38.68,0.125,F,2931.3,9632.22,47.67542732,-122.24495733,E,2931.3,9632.22,47.67542732,-122.24495733
2841644,2026-05-16T09:59:53,342.97,0.0655,F,2931.14,9632.51,47.67542993,-122.24495933,E,2931.14,9632.51,47.67542993,-122.24495933
2846720,2026-05-16T09:59:58,350.95,0.4643,F,2930.39,9634.65,47.67544916,-122.24496935,E,2930.39,9634.65,47.67544916,-122.24496935
2851780,2026-05-16T10:00:03,353.9,0.6786,F,2929.47,9637.8,47.6754774,-122.24498162,E,2929.47,9637.8,47.6754774,-122.24498162
2856792,2026-05-16T10:00:08,328.73,0.5357,F,2927.64,9639.88,47.67549612,-122.24500598,E,2927.64,9639.88,47.67549612,-122.24500598
2861882,2026-05-16T10:00:14,325.3,0.1369,F,2927.13,9640.4,47.67550077,-122.24501277,E,2927.13,9640.4,47.67550077,-122.24501277
2866982,2026-05-16T10:00:19,39.23,0.0298,F,2927.2,9640.5,47.67550172,-122.24501181,E,2927.2,9640.5,47.67550172,-122.24501181
2872053,2026-05-16T10:00:24,335.44,0.0119,F,2927.17,9640.55,47.67550217,-122.24501228,E,2927.17,9640.55,47.67550217,-122.24501228
2877148,2026-05-16T10:00:29,200.29,0.0238,F,2927.11,9640.43,47.67550106,-122.2450131,E,2927.11,9640.43,47.67550106,-122.2450131
2882233,2026-05-16T10:00:34,301.76,0.1667,F,2926.25,9640.81,47.67550447,-122.24502453,E,2926.25,9640.81,47.67550447,-122.24502453
2887316,2026-05-16T10:00:39,290.48,0.4226,F,2923.89,9641.39,47.6755097,-122.24505597,E,2923.89,9641.39,47.6755097,-122.24505597
2892399,2026-05-16T10:00:44,323.05,0.5655,F,2921.7,9643.46,47.6755283,-122.24508518,E,2921.7,9643.46,47.6755283,-122.24508518
2897493,2026-05-16T10:00:49,334.44,0.3869,F,2920.53,9645.08,47.67554287,-122.24510076,E,2920.53,9645.08,47.67554287,-122.24510076
2902580,2026-05-16T10:00:54,282.12,0.4702,F,2917.8,9645.4,47.67554569,-122.24513707,E,2917.8,9645.4,47.67554569,-122.24513707
2907582,2026-05-16T10:00:59,315.41,0.7024,F,2914.76,9647.62,47.67556568,-122.24517751,E,2914.76,9647.62,47.67556568,-122.24517751
2912653,2026-05-16T10:01:04,336.6,0.7202,F,2912.72,9650.69,47.6755932,-122.24520471,E,2912.72,9650.69,47.6755932,-122.24520471
2917695,2026-05-16T10:01:09,324.11,0.6071,F,2910.43,9652.93,47.67561331,-122.24523521,E,2910.43,9652.93,47.67561331,-122.24523521
2922769,2026-05-16T10:01:14,259.55,0.6429,F,2906.7,9652.08,47.67560569,-122.24528498,E,2906.7,9652.08,47.67560569,-122.24528498
2927828,2026-05-16T10:01:20,262.01,0.5655,F,2903.4,9651.45,47.67560009,-122.24532889,E,2903.4,9651.45,47.67560009,-122.24532889
2932904,2026-05-16T10:01:25,303.07,0.5952,F,2900.38,9652.86,47.67561276,-122.24536913,E,2900.38,9652.86,47.67561276,-122.24536913
2937968,2026-05-16T10:01:30,308.37,0.7143,F,2896.96,9654.82,47.67563036,-122.24541471,E,2896.96,9654.82,47.67563036,-122.24541471
2943039,2026-05-16T10:01:35,297.19,0.6964,F,2893.24,9656.16,47.67564236,-122.24546416,E,2893.24,9656.16,47.67564236,-122.24546416
2948135,2026-05-16T10:01:40,294.94,0.7381,F,2889.22,9657.45,47.67565394,-122.24551771,E,2889.22,9657.45,47.67565394,-122.24551771
2953209,2026-05-16T10:01:45,307.22,0.7619,F,2885.52,9659.48,47.67567221,-122.24556705,E,2885.52,9659.48,47.67567221,-122.24556705
2958306,2026-05-16T10:01:50,321.18,0.7262,F,2882.6,9662.07,47.6756955,-122.24560595,E,2882.6,9662.07,47.6756955,-122.24560595
2963391,2026-05-16T10:01:55,312.11,0.6964,F,2879.4,9664.17,47.67571432,-122.24564858,E,2879.4,9664.17,47.67571432,-122.24564858
2968486,2026-05-16T10:02:00,351.21,0.1726,F,2879.12,9664.97,47.6757215,-122.24565227,E,2879.12,9664.97,47.6757215,-122.24565227
2973561,2026-05-16T10:02:05,18.36,0.0417,F,2879.15,9665.15,47.67572316,-122.24565183,E,2879.15,9665.15,47.67572316,-122.24565183
2978644,2026-05-16T10:02:10,313.07,0.0238,F,2879.04,9665.23,47.67572381,-122.24565327,E,2879.04,9665.23,47.67572381,-122.24565327
2983730,2026-05-16T10:02:15,317.97,0.5357,F,2876.78,9667.04,47.67574006,-122.24568345,E,2876.78,9667.04,47.67574006,-122.24568345
2988813,2026-05-16T10:02:21,293.79,0.6905,F,2873,9668.17,47.6757503,-122.2457338,E,2873,9668.17,47.6757503,-122.2457338
2993863,2026-05-16T10:02:26,298.77,0.6786,F,2869.44,9669.55,47.67576268,-122.2457812,E,2869.44,9669.55,47.67576268,-122.2457812
2998919,2026-05-16T10:02:31,316.03,0.5119,F,2867.22,9671.21,47.67577758,-122.24581072,E,2867.22,9671.21,47.67577758,-122.24581072
3003993,2026-05-16T10:02:36,319.56,0.4286,F,2865.46,9672.7,47.67579091,-122.2458342,E,2865.46,9672.7,47.67579091,-122.2458342
3009073,2026-05-16T10:02:41,309.21,0.3988,F,2863.56,9673.82,47.67580098,-122.24585948,E,2863.56,9673.82,47.67580098,-122.24585948
3014131,2026-05-16T10:02:46,317.24,0.3571,F,2862.04,9675,47.67581162,-122.24587971,E,2862.04,9675,47.67581162,-122.24587971
3019207,2026-05-16T10:02:51,324.37,0.4048,F,2860.51,9676.51,47.67582516,-122.24590009,E,2860.51,9676.51,47.67582516,-122.24590009
3024270,2026-05-16T10:02:56,317.93,0.4107,F,2858.78,9677.89,47.67583756,-122.24592313,E,2858.78,9677.89,47.67583756,-122.24592313
3029341,2026-05-16T10:03:01,306.89,0.119,F,2858.2,9678.2,47.67584038,-122.24593086,E,2858.2,9678.2,47.67584038,-122.24593086
3034423,2026-05-16T10:03:06,348.76,0.0298,F,2858.15,9678.34,47.67584161,-122.24593158,E,2858.15,9678.34,47.67584161,-122.24593158
3039456,2026-05-16T10:03:11,239.12,0.006,F,2858.12,9678.32,47.67584145,-122.24593199,E,2858.12,9678.32,47.67584145,-122.24593199
3044505,2026-05-16T10:03:16,310.51,0.006,F,2858.09,9678.34,47.67584161,-122.24593237,E,2858.09,9678.34,47.67584161,-122.24593237
3049556,2026-05-16T10:03:21,310.27,0.2262,F,2857.03,9678.99,47.67584743,-122.24594644,E,2857.03,9678.99,47.67584743,-122.24594644
3054608,2026-05-16T10:03:26,326.14,0.6131,F,2854.81,9681.32,47.67586834,-122.24597611,E,2854.81,9681.32,47.67586834,-122.24597611
3059679,2026-05-16T10:03:31,345.28,0.6667,F,2853.4,9684.32,47.67589532,-122.24599485,E,2853.4,9684.32,47.67589532,-122.24599485
3064761,2026-05-16T10:03:36,319.2,0.4881,F,2851.38,9686,47.67591043,-122.24602179,E,2851.38,9686,47.67591043,-122.24602179
3069818,2026-05-16T10:03:42,292.87,0.4405,F,2848.96,9686.69,47.67591663,-122.24605394,E,2848.96,9686.69,47.67591663,-122.24605394
3074821,2026-05-16T10:03:47,288.78,0.3929,F,2846.78,9687.17,47.67592092,-122.24608296,E,2846.78,9687.17,47.67592092,-122.24608296
3079854,2026-05-16T10:03:52,289.72,0.4405,F,2844.34,9687.74,47.67592607,-122.24611555,E,2844.34,9687.74,47.67592607,-122.24611555
3084930,2026-05-16T10:03:57,293.68,0.381,F,2842.25,9688.37,47.67593168,-122.24614331,E,2842.25,9688.37,47.67593168,-122.24614331
3090013,2026-05-16T10:04:02,297.04,0.4226,F,2839.99,9689.17,47.67593893,-122.24617343,E,2839.99,9689.17,47.67593893,-122.24617343
3095084,2026-05-16T10:04:07,283.44,0.4345,F,2837.49,9689.51,47.67594197,-122.24620673,E,2837.49,9689.51,47.67594197,-122.24620673
3100127,2026-05-16T10:04:12,277.47,0.4405,F,2834.93,9689.63,47.67594299,-122.24624086,E,2834.93,9689.63,47.67594299,-122.24624086
3105203,2026-05-16T10:04:17,303.04,0.4464,F,2832.66,9690.68,47.67595249,-122.24627105,E,2832.66,9690.68,47.67595249,-122.24627105
3110293,2026-05-16T10:04:22,298.89,0.4286,F,2830.4,9691.56,47.67596041,-122.24630119,E,2830.4,9691.56,47.67596041,-122.24630119
3115350,2026-05-16T10:04:27,239.72,0.4167,F,2828.24,9690.34,47.67594937,-122.24632998,E,2828.24,9690.34,47.67594937,-122.24632998
3120411,2026-05-16T10:04:32,177.11,0.3452,F,2828.04,9688.45,47.67593246,-122.24633258,E,2828.04,9688.45,47.67593246,-122.24633258
3125464,2026-05-16T10:04:37,170.39,0.0655,F,2828.04,9688.1,47.67592929,-122.24633255,E,2828.04,9688.1,47.67592929,-122.24633255
3130527,2026-05-16T10:04:42,119.95,0.0536,F,2828.24,9687.94,47.67592789,-122.24633001,E,2828.24,9687.94,47.67592789,-122.24633001
3135618,2026-05-16T10:04:47,60.38,0.0179,F,2828.3,9687.98,47.67592823,-122.24632915,E,2828.3,9687.98,47.67592823,-122.24632915
3140706,2026-05-16T10:04:52,34.76,0.1726,F,2828.66,9688.63,47.67593408,-122.24632438,E,2828.66,9688.63,47.67593408,-122.24632438
3145799,2026-05-16T10:04:57,4.31,0.2083,F,2828.57,9689.61,47.67594284,-122.2463256,E,2828.57,9689.61,47.67594284,-122.2463256
3150897,2026-05-16T10:05:03,337.42,0.6845,F,2826.66,9692.56,47.67596931,-122.24635098,E,2826.66,9692.56,47.67596931,-122.24635098
3155993,2026-05-16T10:05:08,295.11,0.7262,F,2822.71,9693.83,47.67598079,-122.2464036,E,2822.71,9693.83,47.67598079,-122.2464036
3161094,2026-05-16T10:05:13,308.25,0.7202,F,2819.23,9695.82,47.67599862,-122.24644995,E,2819.23,9695.82,47.67599862,-122.24644995
3166167,2026-05-16T10:05:18,314.77,0.6012,F,2816.57,9697.73,47.67601576,-122.24648537,E,2816.57,9697.73,47.67601576,-122.24648537
3171253,2026-05-16T10:05:23,314.61,0.6131,F,2813.85,9699.67,47.67603322,-122.24652167,E,2813.85,9699.67,47.67603322,-122.24652167
3176322,2026-05-16T10:05:28,320.28,0.6667,F,2811.14,9702,47.67605418,-122.24655773,E,2811.14,9702,47.67605418,-122.24655773
3181324,2026-05-16T10:05:33,341.71,0.5417,F,2809.85,9704.36,47.67607537,-122.2465749,E,2809.85,9704.36,47.67607537,-122.2465749
3186412,2026-05-16T10:05:38,230.34,0.5,F,2807.48,9702.54,47.67605898,-122.24660647,E,2807.48,9702.54,47.67605898,-122.24660647
3191458,2026-05-16T10:05:43,270.95,0.4226,F,2805,9702.41,47.67605779,-122.24663947,E,2805,9702.41,47.67605779,-122.24663947
3196522,2026-05-16T10:05:48,292.05,0.4464,F,2802.54,9703.08,47.67606381,-122.24667226,E,2802.54,9703.08,47.67606381,-122.24667226
3201581,2026-05-16T10:05:53,288.07,0.3631,F,2800.5,9703.5,47.67606763,-122.24669948,E,2800.5,9703.5,47.67606763,-122.24669948
3206659,2026-05-16T10:05:58,294.95,0.3988,F,2798.33,9704.2,47.67607387,-122.24672831,E,2798.33,9704.2,47.67607387,-122.24672831
3211738,2026-05-16T10:06:03,311.4,0.4464,F,2796.26,9705.52,47.67608573,-122.24675585,E,2796.26,9705.52,47.67608573,-122.24675585
3216801,2026-05-16T10:06:08,317.19,0.4048,F,2794.54,9706.86,47.67609779,-122.24677883,E,2794.54,9706.86,47.67609779,-122.24677883
3221886,2026-05-16T10:06:14,325.09,0.4464,F,2792.87,9708.54,47.6761129,-122.24680103,E,2792.87,9708.54,47.6761129,-122.24680103
3226974,2026-05-16T10:06:19,337.1,0.4286,F,2791.67,9710.38,47.6761294,-122.24681703,E,2791.67,9710.38,47.6761294,-122.24681703
3232076,2026-05-16T10:06:24,334.96,0.4405,F,2790.35,9712.24,47.6761461,-122.24683455,E,2790.35,9712.24,47.6761461,-122.24683455
3237094,2026-05-16T10:06:29,314.54,0.4286,F,2788.47,9713.58,47.67615813,-122.24685961,E,2788.47,9713.58,47.67615813,-122.24685961
3242148,2026-05-16T10:06:34,313.35,0.4226,F,2786.57,9714.87,47.67616979,-122.24688491,E,2786.57,9714.87,47.67616979,-122.24688491
3247234,2026-05-16T10:06:39,318.4,0.4583,F,2784.65,9716.43,47.6761838,-122.24691055,E,2784.65,9716.43,47.6761838,-122.24691055
3252329,2026-05-16T10:06:44,325.15,0.4464,F,2782.98,9718.12,47.67619895,-122.24693277,E,2782.98,9718.12,47.67619895,-122.24693277
3257403,2026-05-16T10:06:49,332.97,0.369,F,2781.83,9719.64,47.67621261,-122.24694814,E,2781.83,9719.64,47.67621261,-122.24694814
3262505,2026-05-16T10:06:54,315.19,0.4167,F,2779.98,9720.98,47.67622465,-122.24697269,E,2779.98,9720.98,47.67622465,-122.24697269
3267577,2026-05-16T10:06:59,314.94,0.4226,F,2778.12,9722.33,47.67623673,-122.24699752,E,2778.12,9722.33,47.67623673,-122.24699752
3272655,2026-05-16T10:07:04,282.54,0.3988,F,2775.81,9722.61,47.67623925,-122.24702822,E,2775.81,9722.61,47.67623925,-122.24702822
3277761,2026-05-16T10:07:09,277.21,0.4405,F,2773.22,9722.71,47.67624019,-122.24706279,E,2773.22,9722.71,47.67624019,-122.24706279
3282845,2026-05-16T10:07:15,303.05,0.4405,F,2770.98,9723.75,47.67624958,-122.24709263,E,2770.98,9723.75,47.67624958,-122.24709263
3287924,2026-05-16T10:07:20,313.9,0.4464,F,2768.98,9725.15,47.67626209,-122.24711928,E,2768.98,9725.15,47.67626209,-122.24711928
3293000,2026-05-16T10:07:25,329.26,0.3929,F,2767.63,9726.71,47.67627608,-122.24713716,E,2767.63,9726.71,47.67627608,-122.24713716
3298089,2026-05-16T10:07:30,326.95,0.4226,F,2766.11,9728.34,47.67629075,-122.24715742,E,2766.11,9728.34,47.67629075,-122.24715742
3303182,2026-05-16T10:07:35,331.46,0.4167,F,2764.76,9730.04,47.67630599,-122.24717551,E,2764.76,9730.04,47.67630599,-122.24717551
3308268,2026-05-16T10:07:40,338.09,0.4167,F,2763.62,9731.83,47.67632216,-122.24719061,E,2763.62,9731.83,47.67632216,-122.24719061
3313350,2026-05-16T10:07:45,327.64,0.381,F,2762.27,9733.32,47.67633548,-122.2472086,E,2762.27,9733.32,47.67633548,-122.2472086
3318428,2026-05-16T10:07:50,297.5,0.4286,F,2759.99,9734.15,47.67634296,-122.247239,E,2759.99,9734.15,47.67634296,-122.247239
3323528,2026-05-16T10:07:55,333.78,0.4583,F,2758.58,9736.06,47.67636014,-122.2472578,E,2758.58,9736.06,47.67636014,-122.2472578
3328577,2026-05-16T10:08:00,0.52,0.4405,F,2758.24,9738.11,47.67637855,-122.24726233,E,2758.24,9738.11,47.67637855,-122.24726233
3333646,2026-05-16T10:08:05,336.01,0.4345,F,2756.98,9739.95,47.67639506,-122.24727901,E,2756.98,9739.95,47.67639506,-122.24727901
3338743,2026-05-16T10:08:10,11.55,0.4167,F,2757.07,9741.86,47.67641225,-122.24727793,E,2757.07,9741.86,47.67641225,-122.24727793
3343817,2026-05-16T10:08:16,356.79,0.4107,F,2756.61,9743.78,47.67642947,-122.24728398,E,2756.61,9743.78,47.67642947,-122.24728398
3348903,2026-05-16T10:08:21,7.2,0.4345,F,2756.53,9745.8,47.6764476,-122.24728506,E,2756.53,9745.8,47.6764476,-122.24728506
3353969,2026-05-16T10:08:26,312.53,0.3929,F,2754.74,9746.99,47.67645827,-122.24730889,E,2754.74,9746.99,47.67645827,-122.24730889
3359074,2026-05-16T10:08:31,286.98,0.4048,F,2752.43,9747.43,47.67646223,-122.24733968,E,2752.43,9747.43,47.67646223,-122.24733968
3364165,2026-05-16T10:08:36,281.25,0.3988,F,2750.11,9747.66,47.67646435,-122.24737058,E,2750.11,9747.66,47.67646435,-122.24737058
3369232,2026-05-16T10:08:41,284.01,0.4167,F,2747.72,9748.01,47.67646745,-122.24740242,E,2747.72,9748.01,47.67646745,-122.24740242
3374301,2026-05-16T10:08:46,289.55,0.4107,F,2745.42,9748.54,47.67647223,-122.24743305,E,2745.42,9748.54,47.67647223,-122.24743305
3379367,2026-05-16T10:08:51,282.16,0.3869,F,2743.19,9748.8,47.67647455,-122.2474628,E,2743.19,9748.8,47.67647455,-122.2474628
3384421,2026-05-16T10:08:56,276.3,0.3988,F,2740.86,9748.86,47.67647511,-122.24749383,E,2740.86,9748.86,47.67647511,-122.24749383
3389489,2026-05-16T10:09:01,248.86,0.4107,F,2738.58,9747.95,47.67646689,-122.24752418,E,2738.58,9747.95,47.67646689,-122.24752418
3394574,2026-05-16T10:09:06,322.88,0.3631,F,2737.16,9749.27,47.67647881,-122.247543,E,2737.16,9749.27,47.67647881,-122.247543
3399635,2026-05-16T10:09:11,344.21,0.3929,F,2736.3,9751.03,47.67649459,-122.2475545,E,2736.3,9751.03,47.67649459,-122.2475545
3404690,2026-05-16T10:09:16,302.58,0.4286,F,2734.12,9752.03,47.67650354,-122.24758349,E,2734.12,9752.03,47.67650354,-122.24758349
3409781,2026-05-16T10:09:21,301.12,0.3988,F,2732.06,9752.91,47.67651153,-122.24761102,E,2732.06,9752.91,47.67651153,-122.24761102
3414851,2026-05-16T10:09:27,304.52,0.4226,F,2729.95,9753.96,47.67652091,-122.24763916,E,2729.95,9753.96,47.67652091,-122.24763916
3419936,2026-05-16T10:09:32,289.26,0.375,F,2727.84,9754.44,47.67652521,-122.24766725,E,2727.84,9754.44,47.67652521,-122.24766725
3424984,2026-05-16T10:09:37,270.03,0.2798,F,2726.19,9754.33,47.67652422,-122.24768911,E,2726.19,9754.33,47.67652422,-122.24768911
3430078,2026-05-16T10:09:42,267.06,0.3631,F,2724.05,9754.09,47.67652206,-122.24771771,E,2724.05,9754.09,47.67652206,-122.24771771
3435156,2026-05-16T10:09:47,273.81,0.3333,F,2722.09,9754.07,47.67652187,-122.24774385,E,2722.09,9754.07,47.67652187,-122.24774385
3440217,2026-05-16T10:09:52,288.21,0.4167,F,2719.74,9754.56,47.6765263,-122.24777508,E,2719.74,9754.56,47.6765263,-122.24777508
3445268,2026-05-16T10:09:57,289.03,0.375,F,2717.64,9755.03,47.6765305,-122.24780302,E,2717.64,9755.03,47.6765305,-122.24780302
3450326,2026-05-16T10:10:02,298.3,0.1667,F,2716.76,9755.36,47.6765335,-122.24781473,E,2716.76,9755.36,47.6765335,-122.24781473
3455407,2026-05-16T10:10:07,302.49,0.3095,F,2715.18,9756.08,47.67653997,-122.24783579,E,2715.18,9756.08,47.67653997,-122.24783579
3460456,2026-05-16T10:10:12,316.21,0.6548,F,2712.36,9758.21,47.67655907,-122.2478734,E,2712.36,9758.21,47.67655907,-122.2478734
3465523,2026-05-16T10:10:17,306.12,0.744,F,2708.7,9760.13,47.67657636,-122.24792209,E,2708.7,9760.13,47.67657636,-122.24792209
3470582,2026-05-16T10:10:22,321.14,0.7738,F,2705.61,9762.87,47.67660097,-122.24796325,E,2705.61,9762.87,47.67660097,-122.24796325
3475669,2026-05-16T10:10:27,1.95,0.2679,F,2705.44,9764.13,47.67661224,-122.24796557,E,2705.44,9764.13,47.67661224,-122.24796557
3480761,2026-05-16T10:10:32,347.05,0.3452,F,2704.76,9765.7,47.67662639,-122.24797461,E,2704.76,9765.7,47.67662639,-122.24797461
3485842,2026-05-16T10:10:38,337.48,0.631,F,2703.01,9768.41,47.67665072,-122.24799789,E,2703.01,9768.41,47.67665072,-122.24799789
3490921,2026-05-16T10:10:43,313.04,0.5357,F,2700.58,9770.05,47.67666547,-122.24803025,E,2700.58,9770.05,47.67666547,-122.24803025
3495992,2026-05-16T10:10:48,337.21,0.5774,F,2698.97,9772.52,47.67668765,-122.24805167,E,2698.97,9772.52,47.67668765,-122.24805167
3501050,2026-05-16T10:10:53,331.83,0.3333,F,2697.91,9773.87,47.6766998,-122.24806591,E,2697.91,9773.87,47.6766998,-122.24806591
3506133,2026-05-16T10:10:58,34.19,0.0595,F,2698.03,9774.1,47.67670184,-122.2480643,E,2698.03,9774.1,47.67670184,-122.2480643
3511226,2026-05-16T10:11:03,32.99,0.0119,F,2698.05,9774.15,47.67670225,-122.24806399,E,2698.05,9774.15,47.67670225,-122.24806399
3516317,2026-05-16T10:11:08,33.24,0.0238,F,2698.1,9774.24,47.67670308,-122.24806337,E,2698.1,9774.24,47.67670308,-122.24806337
3521414,2026-05-16T10:11:13,35,0.2679,F,2698.66,9775.25,47.67671216,-122.24805588,E,2698.66,9775.25,47.67671216,-122.24805588
3526508,2026-05-16T10:11:18,7.05,0.6488,F,2698.53,9778.27,47.67673928,-122.24805761,E,2698.53,9778.27,47.67673928,-122.24805761
3531593,2026-05-16T10:11:23,302.27,0.6964,F,2694.96,9779.88,47.67675376,-122.24810513,E,2694.96,9779.88,47.67675376,-122.24810513
3536631,2026-05-16T10:11:28,308.4,0.6786,F,2691.73,9781.73,47.67677041,-122.2481482,E,2691.73,9781.73,47.67677041,-122.2481482
3541667,2026-05-16T10:11:33,303.83,0.5714,F,2688.87,9783.11,47.67678276,-122.24818624,E,2688.87,9783.11,47.67678276,-122.24818624
3546741,2026-05-16T10:11:38,305.02,0.6071,F,2685.85,9784.63,47.67679646,-122.24822649,E,2685.85,9784.63,47.67679646,-122.24822649
3551823,2026-05-16T10:11:44,350.58,0.631,F,2684.8,9787.54,47.67682261,-122.2482404,E,2684.8,9787.54,47.67682261,-122.2482404
3556894,2026-05-16T10:11:49,330.81,0.506,F,2683.14,9789.58,47.67684092,-122.24826261,E,2683.14,9789.58,47.67684092,-122.24826261
3561961,2026-05-16T10:11:54,334.97,0.4345,F,2681.85,9791.4,47.67685728,-122.24827976,E,2681.85,9791.4,47.67685728,-122.24827976
3567031,2026-05-16T10:11:59,340.07,0.4464,F,2680.71,9793.35,47.67687479,-122.24829492,E,2680.71,9793.35,47.67687479,-122.24829492
3572105,2026-05-16T10:12:04,349.57,0.375,F,2680.06,9795.07,47.67689025,-122.24830362,E,2680.06,9795.07,47.67689025,-122.24830362
3577171,2026-05-16T10:12:09,27.93,0.3631,F,2680.62,9796.55,47.67690355,-122.24829611,E,2680.62,9796.55,47.67690355,-122.24829611
3582224,2026-05-16T10:12:14,303.13,0.4345,F,2678.43,9797.58,47.67691277,-122.24832534,E,2678.43,9797.58,47.67691277,-122.24832534
3587303,2026-05-16T10:12:19,296.02,0.3988,F,2676.28,9798.31,47.67691932,-122.24835395,E,2676.28,9798.31,47.67691932,-122.24835395
3592390,2026-05-16T10:12:24,312.61,0.3631,F,2674.62,9799.42,47.67692924,-122.24837604,E,2674.62,9799.42,47.67692924,-122.24837604
3597472,2026-05-16T10:12:29,272.08,0.3333,F,2672.65,9799.34,47.67692859,-122.24840224,E,2672.65,9799.34,47.67692859,-122.24840224
3602509,2026-05-16T10:12:34,299.02,0.375,F,2670.7,9800.11,47.67693549,-122.24842832,E,2670.7,9800.11,47.67693549,-122.24842832
3607570,2026-05-16T10:12:39,287.44,0.3571,F,2668.68,9800.51,47.67693907,-122.24845518,E,2668.68,9800.51,47.67693907,-122.24845518
3612652,2026-05-16T10:12:44,261.16,0.3512,F,2666.63,9800.09,47.67693535,-122.24848253,E,2666.63,9800.09,47.67693535,-122.24848253
3617729,2026-05-16T10:12:49,284.4,0.381,F,2664.44,9800.42,47.6769383,-122.24851165,E,2664.44,9800.42,47.6769383,-122.24851165
3622783,2026-05-16T10:12:54,318.83,0.2976,F,2663.21,9801.44,47.6769474,-122.24852809,E,2663.21,9801.44,47.6769474,-122.24852809
3627878,2026-05-16T10:13:00,348.03,0.1786,F,2662.87,9802.26,47.67695475,-122.24853257,E,2662.87,9802.26,47.67695475,-122.24853257
3632916,2026-05-16T10:13:05,330.83,0.0476,F,2662.71,9802.45,47.67695647,-122.24853464,E,2662.71,9802.45,47.67695647,-122.24853464
3638006,2026-05-16T10:13:10,296.28,0.4048,F,2660.53,9803.2,47.6769632,-122.24856369,E,2660.53,9803.2,47.6769632,-122.24856369
3643057,2026-05-16T10:13:15,278.87,0.5952,F,2657.07,9803.42,47.67696524,-122.24860974,E,2657.07,9803.42,47.67696524,-122.24860974
3648127,2026-05-16T10:13:20,280.83,0.1607,F,2656.14,9803.51,47.67696603,-122.24862216,E,2656.14,9803.51,47.67696603,-122.24862216
3653220,2026-05-16T10:13:25,299.65,0.3631,F,2654.24,9804.28,47.67697294,-122.24864756,E,2654.24,9804.28,47.67697294,-122.24864756
3658314,2026-05-16T10:13:30,289.44,0.3512,F,2652.26,9804.73,47.67697702,-122.24867389,E,2652.26,9804.73,47.67697702,-122.24867389
3663406,2026-05-16T10:13:35,299.41,0.3274,F,2650.54,9805.42,47.6769832,-122.24869683,E,2650.54,9805.42,47.6769832,-122.24869683
3668501,2026-05-16T10:13:40,296.55,0.3631,F,2648.58,9806.1,47.67698932,-122.24872286,E,2648.58,9806.1,47.67698932,-122.24872286
3673558,2026-05-16T10:13:45,293.42,0.3988,F,2646.4,9806.75,47.67699509,-122.24875186,E,2646.4,9806.75,47.67699509,-122.24875186
3678641,2026-05-16T10:13:50,294.54,0.4286,F,2644.07,9807.48,47.67700167,-122.24878296,E,2644.07,9807.48,47.67700167,-122.24878296
3683700,2026-05-16T10:13:55,291.63,0.3988,F,2641.87,9808.06,47.67700692,-122.24881229,E,2641.87,9808.06,47.67700692,-122.24881229
3688779,2026-05-16T10:14:00,280.25,0.4345,F,2639.34,9808.28,47.67700889,-122.24884598,E,2639.34,9808.28,47.67700889,-122.24884598
3693869,2026-05-16T10:14:06,288.36,0.4226,F,2636.95,9808.79,47.67701345,-122.24887781,E,2636.95,9808.79,47.67701345,-122.24887781
3698954,2026-05-16T10:14:11,303.78,0.4286,F,2634.78,9809.83,47.67702279,-122.24890664,E,2634.78,9809.83,47.67702279,-122.24890664
3704050,2026-05-16T10:14:16,295.75,0.4464,F,2632.37,9810.64,47.67703006,-122.24893884,E,2632.37,9810.64,47.67703006,-122.24893884
3709146,2026-05-16T10:14:21,286.97,0.3988,F,2630.09,9811.07,47.67703395,-122.24896912,E,2630.09,9811.07,47.67703395,-122.24896912
3714239,2026-05-16T10:14:26,281.81,0.3869,F,2627.84,9811.32,47.67703618,-122.24899906,E,2627.84,9811.32,47.67703618,-122.24899906
3719306,2026-05-16T10:14:31,294.9,0.4226,F,2625.56,9812.05,47.67704276,-122.24902955,E,2625.56,9812.05,47.67704276,-122.24902955
3724363,2026-05-16T10:14:36,297.36,0.4048,F,2623.41,9812.83,47.67704976,-122.24905818,E,2623.41,9812.83,47.67704976,-122.24905818
3729422,2026-05-16T10:14:41,304.52,0.4405,F,2621.21,9813.92,47.67705953,-122.24908745,E,2621.21,9813.92,47.67705953,-122.24908745
3734490,2026-05-16T10:14:46,320.48,0.4345,F,2619.45,9815.44,47.67707323,-122.24911086,E,2619.45,9815.44,47.67707323,-122.24911086
3739576,2026-05-16T10:14:51,326.26,0.4524,F,2617.8,9817.18,47.67708878,-122.24913285,E,2617.8,9817.18,47.67708878,-122.24913285
3744644,2026-05-16T10:14:56,343.88,0.4286,F,2616.85,9819.09,47.67710599,-122.24914557,E,2616.85,9819.09,47.67710599,-122.24914557
3749713,2026-05-16T10:15:01,333.18,0.4226,F,2615.53,9820.83,47.67712165,-122.24916306,E,2615.53,9820.83,47.67712165,-122.24916306
3754775,2026-05-16T10:15:06,309.98,0.4643,F,2613.35,9822.16,47.67713355,-122.24919212,E,2613.35,9822.16,47.67713355,-122.24919212
3759854,2026-05-16T10:15:12,312.79,0.3929,F,2611.56,9823.36,47.67714431,-122.24921593,E,2611.56,9823.36,47.67714431,-122.24921593
3764931,2026-05-16T10:15:17,306.28,0.4048,F,2609.57,9824.41,47.67715378,-122.24924244,E,2609.57,9824.41,47.67715378,-122.24924244
3770028,2026-05-16T10:15:22,340.94,0.4524,F,2608.45,9826.41,47.67717173,-122.24925744,E,2608.45,9826.41,47.67717173,-122.24925744
3775032,2026-05-16T10:15:27,356.54,0.4583,F,2607.94,9828.52,47.67719067,-122.24926423,E,2607.94,9828.52,47.67719067,-122.24926423
3780082,2026-05-16T10:15:32,12.55,0.4107,F,2608.05,9830.38,47.67720738,-122.24926271,E,2608.05,9830.38,47.67720738,-122.24926271
3785167,2026-05-16T10:15:37,359.4,0.3988,F,2607.7,9832.25,47.67722416,-122.24926736,E,2607.7,9832.25,47.67722416,-122.24926736
3790233,2026-05-16T10:15:42,15.21,0.4167,F,2607.91,9834.12,47.67724097,-122.24926454,E,2607.91,9834.12,47.67724097,-122.24926454
3795310,2026-05-16T10:15:47,10.7,0.4405,F,2607.97,9836.14,47.67725912,-122.24926384,E,2607.97,9836.14,47.67725912,-122.24926384
3800375,2026-05-16T10:15:52,29.3,0.4524,F,2608.72,9837.96,47.67727545,-122.24925385,E,2608.72,9837.96,47.67727545,-122.24925385
3805445,2026-05-16T10:15:57,21.44,0.4345,F,2609.16,9839.83,47.67729231,-122.24924788,E,2609.16,9839.83,47.67729231,-122.24924788
3810521,2026-05-16T10:16:02,12.64,0.4643,F,2609.3,9841.95,47.6773113,-122.24924609,E,2609.3,9841.95,47.6773113,-122.24924609
3815611,2026-05-16T10:16:07,298.32,0.4345,F,2606.99,9842.82,47.67731916,-122.2492768,E,2606.99,9842.82,47.67731916,-122.2492768
3820684,2026-05-16T10:16:12,282.88,0.1488,F,2606.13,9842.93,47.67732013,-122.24928823,E,2606.13,9842.93,47.67732013,-122.24928823
3825761,2026-05-16T10:16:17,37.4,0.0357,F,2606.22,9843.06,47.6773213,-122.24928715,E,2606.22,9843.06,47.6773213,-122.24928715
3830830,2026-05-16T10:16:23,37.81,0.0357,F,2606.3,9843.19,47.67732246,-122.24928606,E,2606.3,9843.19,47.67732246,-122.24928606
3835912,2026-05-16T10:16:28,233.09,0.006,F,2606.27,9843.17,47.67732227,-122.24928645,E,2606.27,9843.17,47.67732227,-122.24928645
3840982,2026-05-16T10:16:33,240.14,0,F,2606.27,9843.17,47.67732227,-122.24928645,E,2606.27,9843.17,47.67732227,-122.24928645
3846078,2026-05-16T10:16:38,328.28,0.0119,F,2606.23,9843.21,47.67732269,-122.24928701,E,2606.23,9843.21,47.67732269,-122.24928701
3851085,2026-05-16T10:16:43,319.84,0.0893,F,2605.86,9843.52,47.67732544,-122.24929182,E,2605.86,9843.52,47.67732544,-122.24929182
3856171,2026-05-16T10:16:48,170.17,0.0595,F,2605.87,9843.2,47.67732255,-122.24929178,E,2605.87,9843.2,47.67732255,-122.24929178
3861246,2026-05-16T10:16:53,269.71,0.0119,F,2605.8,9843.19,47.6773225,-122.24929272,E,2605.8,9843.19,47.6773225,-122.24929272
3866349,2026-05-16T10:16:58,14.11,0.0417,F,2605.81,9843.38,47.67732421,-122.24929248,E,2605.81,9843.38,47.67732421,-122.24929248
3871392,2026-05-16T10:17:03,47.44,0.1429,F,2606.23,9843.81,47.67732808,-122.24928697,E,2606.23,9843.81,47.67732808,-122.24928697
3876441,2026-05-16T10:17:08,47.19,0.2738,F,2607.02,9844.64,47.67733554,-122.24927644,E,2607.02,9844.64,47.67733554,-122.24927644
3881501,2026-05-16T10:17:13,43.81,0.4048,F,2608.11,9845.96,47.67734736,-122.24926198,E,2608.11,9845.96,47.67734736,-122.24926198
3886572,2026-05-16T10:17:18,36.72,0.6369,F,2609.51,9848.29,47.67736833,-122.24924323,E,2609.51,9848.29,47.67736833,-122.24924323
3891655,2026-05-16T10:17:23,30.46,0.5119,F,2610.41,9850.33,47.67738664,-122.24923127,E,2610.41,9850.33,47.67738664,-122.24923127
3896733,2026-05-16T10:17:28,34.17,0.494,F,2611.41,9852.21,47.6774035,-122.24921792,E,2611.41,9852.21,47.6774035,-122.24921792
3901800,2026-05-16T10:17:33,38.19,0.6786,F,2612.98,9854.64,47.67742535,-122.24919702,E,2612.98,9854.64,47.67742535,-122.24919702
3906867,2026-05-16T10:17:39,39.43,0.625,F,2614.48,9856.84,47.67744508,-122.24917707,E,2614.48,9856.84,47.67744508,-122.24917707
3911921,2026-05-16T10:17:44,41.82,0.619,F,2616.06,9858.92,47.6774638,-122.24915603,E,2616.06,9858.92,47.6774638,-122.24915603
3917001,2026-05-16T10:17:49,40.94,0.5536,F,2617.45,9860.83,47.6774809,-122.24913756,E,2617.45,9860.83,47.6774809,-122.24913756
3922088,2026-05-16T10:17:54,40.91,0.5119,F,2618.73,9862.59,47.67749673,-122.24912046,E,2618.73,9862.59,47.67749673,-122.24912046
3927163,2026-05-16T10:17:59,29.62,0.4464,F,2619.48,9864.38,47.67751282,-122.24911044,E,2619.48,9864.38,47.67751282,-122.24911044
3932217,2026-05-16T10:18:04,26.96,0.4643,F,2620.17,9866.29,47.67752994,-122.24910133,E,2620.17,9866.29,47.67752994,-122.24910133
3937291,2026-05-16T10:18:09,40.75,0.7202,F,2621.96,9868.77,47.67755222,-122.24907745,E,2621.96,9868.77,47.67755222,-122.24907745
3942368,2026-05-16T10:18:14,49.2,0.8155,F,2624.42,9871.14,47.67757359,-122.24904464,E,2624.42,9871.14,47.67757359,-122.24904464
3947430,2026-05-16T10:18:19,47.63,0.8095,F,2626.79,9873.58,47.6775955,-122.24901316,E,2626.79,9873.58,47.6775955,-122.24901316
3952523,2026-05-16T10:18:24,49.93,0.756,F,2629.11,9875.76,47.67761504,-122.24898222,E,2629.11,9875.76,47.67761504,-122.24898222
3957598,2026-05-16T10:18:29,40.42,0.75,F,2630.96,9878.36,47.67763837,-122.24895756,E,2630.96,9878.36,47.67763837,-122.24895756
3962684,2026-05-16T10:18:34,39.89,0.8095,F,2632.93,9881.19,47.67766383,-122.24893128,E,2632.93,9881.19,47.67766383,-122.24893128
3967742,2026-05-16T10:18:39,31.75,0.7857,F,2634.38,9884.26,47.67769138,-122.248912,E,2634.38,9884.26,47.67769138,-122.248912
3972840,2026-05-16T10:18:45,30.61,0.75,F,2635.71,9887.25,47.67771823,-122.24889432,E,2635.71,9887.25,47.67771823,-122.24889432
3977916,2026-05-16T10:18:50,23.67,0.7917,F,2636.67,9890.61,47.67774845,-122.2488815,E,2636.67,9890.61,47.67774845,-122.2488815
3982975,2026-05-16T10:18:55,26.49,0.756,F,2637.76,9893.73,47.67777649,-122.24886703,E,2637.76,9893.73,47.67777649,-122.24886703
3988051,2026-05-16T10:19:00,16.57,0.8095,F,2638.26,9897.34,47.67780895,-122.24886029,E,2638.26,9897.34,47.67780895,-122.24886029
3993142,2026-05-16T10:19:05,13.4,0.7619,F,2638.53,9900.81,47.6778401,-122.24885669,E,2638.53,9900.81,47.6778401,-122.24885669
3998200,2026-05-16T10:19:10,17.01,0.7024,F,2639,9903.93,47.67786811,-122.24885051,E,2639,9903.93,47.67786811,-122.24885051
4003293,2026-05-16T10:19:15,42.74,0.4345,F,2640.14,9905.38,47.67788114,-122.24883528,E,2640.14,9905.38,47.67788114,-122.24883528
4008381,2026-05-16T10:19:20,42.01,0.494,F,2641.42,9907.05,47.67789613,-122.2488183,E,2641.42,9907.05,47.67789613,-122.2488183
4013406,2026-05-16T10:19:25,56.27,0.2798,F,2642.36,9907.72,47.67790215,-122.24880576,E,2642.36,9907.72,47.67790215,-122.24880576
4018490,2026-05-16T10:19:30,55.93,0.5595,F,2644.25,9909.09,47.67791445,-122.24878052,E,2644.25,9909.09,47.67791445,-122.24878052
4023581,2026-05-16T10:19:35,48.48,0.6488,F,2646.19,9911.02,47.67793178,-122.24875471,E,2646.19,9911.02,47.67793178,-122.24875471
4028675,2026-05-16T10:19:40,51.2,0.631,F,2648.18,9912.78,47.6779476,-122.24872828,E,2648.18,9912.78,47.6779476,-122.24872828
4033768,2026-05-16T10:19:45,52.43,0.6607,F,2650.3,9914.56,47.67796364,-122.24870001,E,2650.3,9914.56,47.67796364,-122.24870001
4038846,2026-05-16T10:19:51,52.44,0.7738,F,2652.78,9916.65,47.67798238,-122.24866701,E,2652.78,9916.65,47.67798238,-122.24866701
4043947,2026-05-16T10:19:56,48.65,0.6488,F,2654.72,9918.58,47.67799968,-122.24864106,E,2654.72,9918.58,47.67799968,-122.24864106
4049038,2026-05-16T10:20:01,45.76,0.756,F,2656.86,9920.96,47.67802107,-122.24861264,E,2656.86,9920.96,47.67802107,-122.24861264
4054135,2026-05-16T10:20:06,48.84,0.8274,F,2659.35,9923.4,47.67804302,-122.24857945,E,2659.35,9923.4,47.67804302,-122.24857945
4059221,2026-05-16T10:20:11,41.22,0.8036,F,2661.38,9926.15,47.67806774,-122.24855239,E,2661.38,9926.15,47.67806774,-122.24855239
4064289,2026-05-16T10:20:16,49.24,0.7976,F,2663.79,9928.47,47.67808858,-122.24852034,E,2663.79,9928.47,47.67808858,-122.24852034
4069346,2026-05-16T10:20:21,49.88,0.6607,F,2665.8,9930.36,47.67810556,-122.24849351,E,2665.8,9930.36,47.67810556,-122.24849351
4074403,2026-05-16T10:20:26,43.21,0.7321,F,2667.74,9932.77,47.67812718,-122.24846774,E,2667.74,9932.77,47.67812718,-122.24846774
4079489,2026-05-16T10:20:31,50.25,0.75,F,2670.05,9934.91,47.67814639,-122.24843691,E,2670.05,9934.91,47.67814639,-122.24843691
4084513,2026-05-16T10:20:36,53.97,0.7083,F,2672.35,9936.72,47.67816267,-122.24840626,E,2672.35,9936.72,47.67816267,-122.24840626
4089581,2026-05-16T10:20:41,38.49,0.6667,F,2673.91,9939.1,47.67818403,-122.24838554,E,2673.91,9939.1,47.67818403,-122.24838554
4094682,2026-05-16T10:20:46,41.72,0.7024,F,2675.71,9941.49,47.67820552,-122.24836151,E,2675.71,9941.49,47.67820552,-122.24836151
4099759,2026-05-16T10:20:51,41.59,0.7202,F,2677.55,9943.94,47.6782275,-122.24833708,E,2677.55,9943.94,47.6782275,-122.24833708
4104827,2026-05-16T10:20:57,40.69,0.7202,F,2679.33,9946.42,47.67824977,-122.24831326,E,2679.33,9946.42,47.67824977,-122.24831326
4109910,2026-05-16T10:21:02,59.15,0.7262,F,2681.91,9948.02,47.67826416,-122.24827901,E,2681.91,9948.02,47.67826416,-122.24827901
4114988,2026-05-16T10:21:07,51.43,0.5893,F,2683.76,9949.65,47.6782788,-122.24825431,E,2683.76,9949.65,47.6782788,-122.24825431
4120059,2026-05-16T10:21:12,47.74,0.4762,F,2685.16,9951.08,47.67829168,-122.24823572,E,2685.16,9951.08,47.67829168,-122.24823572
4125113,2026-05-16T10:21:17,60.79,0.4464,F,2686.76,9952,47.67829997,-122.24821436,E,2686.76,9952,47.67829997,-122.24821436
4130167,2026-05-16T10:21:22,57.35,0.4107,F,2688.17,9952.96,47.67830856,-122.24819556,E,2688.17,9952.96,47.67830856,-122.24819556
4135252,2026-05-16T10:21:27,63.94,0.4583,F,2689.89,9953.8,47.67831611,-122.2481727,E,2689.89,9953.8,47.67831611,-122.2481727
4140321,2026-05-16T10:21:32,56.35,0.4881,F,2691.55,9954.98,47.67832667,-122.24815061,E,2691.55,9954.98,47.67832667,-122.24815061
4145347,2026-05-16T10:21:37,38.1,0.5476,F,2692.8,9956.93,47.67834418,-122.24813393,E,2692.8,9956.93,47.67834418,-122.24813393
4150423,2026-05-16T10:21:42,0.03,0.625,F,2692.29,9959.85,47.67837043,-122.24814075,E,2692.29,9959.85,47.67837043,-122.24814075
4155478,2026-05-16T10:21:47,273.34,0.6429,F,2688.52,9959.78,47.67836983,-122.24819098,E,2688.52,9959.78,47.67836983,-122.24819098
4160538,2026-05-16T10:21:52,102.58,0.8869,F,2692.17,9958.45,47.67835787,-122.24814232,E,2692.17,9958.45,47.67835787,-122.24814232
4165611,2026-05-16T10:21:57,52.91,0.9107,F,2695.1,9960.87,47.67837963,-122.24810321,E,2695.1,9960.87,47.67837963,-122.24810321
4170692,2026-05-16T10:22:02,48.71,0.8155,F,2697.55,9963.28,47.67840125,-122.24807068,E,2697.55,9963.28,47.67840125,-122.24807068
4175794,2026-05-16T10:22:07,47.73,0.8631,F,2700.09,9965.89,47.67842474,-122.24803678,E,2700.09,9965.89,47.67842474,-122.24803678
4180868,2026-05-16T10:22:13,47.63,0.7798,F,2702.37,9968.25,47.67844589,-122.24800638,E,2702.37,9968.25,47.67844589,-122.24800638
4185953,2026-05-16T10:22:18,67.27,0.5595,F,2704.54,9969.12,47.67845375,-122.24797757,E,2704.54,9969.12,47.67845375,-122.24797757
4191022,2026-05-16T10:22:23,61.24,0.619,F,2706.78,9970.39,47.67846509,-122.24794771,E,2706.78,9970.39,47.67846509,-122.24794771
4196095,2026-05-16T10:22:28,56.17,0.6905,F,2709.12,9972.06,47.67848013,-122.24791651,E,2709.12,9972.06,47.67848013,-122.24791651
4201182,2026-05-16T10:22:33,49.09,0.5238,F,2710.7,9973.59,47.67849392,-122.24789544,E,2710.7,9973.59,47.67849392,-122.24789544
4206245,2026-05-16T10:22:38,52.04,0.625,F,2712.69,9975.29,47.67850916,-122.24786903,E,2712.69,9975.29,47.67850916,-122.24786903
4211324,2026-05-16T10:22:43,70.75,0.875,F,2716.16,9976.41,47.67851918,-122.24782274,E,2716.16,9976.41,47.67851918,-122.24782274
4216430,2026-05-16T10:22:48,73.91,1.0298,F,2720.36,9977.45,47.67852854,-122.2477668,E,2720.36,9977.45,47.67852854,-122.2477668
4221503,2026-05-16T10:22:53,76.21,1.131,F,2725.01,9978.36,47.67853676,-122.24770496,E,2725.01,9978.36,47.67853676,-122.24770496
4226579,2026-05-16T10:22:58,72.03,1.1786,F,2729.73,9979.74,47.67854911,-122.24764207,E,2729.73,9979.74,47.67854911,-122.24764207
4231640,2026-05-16T10:23:03,64.8,1.1726,F,2734.13,9981.8,47.6785676,-122.24758336,E,2734.13,9981.8,47.6785676,-122.24758336
4236721,2026-05-16T10:23:08,35.69,0.3869,F,2734.96,9983.24,47.67858055,-122.24757232,E,2734.96,9983.24,47.67858055,-122.24757232
4241799,2026-05-16T10:23:13,50.47,0.256,F,2735.76,9983.96,47.67858706,-122.24756177,E,2735.76,9983.96,47.67858706,-122.24756177
4246907,2026-05-16T10:23:19,64.33,0.631,F,2738.14,9985.11,47.67859732,-122.24753004,E,2738.14,9985.11,47.67859732,-122.24753004
4251993,2026-05-16T10:23:24,50.15,0.9405,F,2741.04,9987.79,47.67862147,-122.24749145,E,2741.04,9987.79,47.67862147,-122.24749145
4257071,2026-05-16T10:23:29,54.53,1.0238,F,2744.43,9990.4,47.67864489,-122.24744627,E,2744.43,9990.4,47.67864489,-122.24744627
4262156,2026-05-16T10:23:34,50.56,1.0833,F,2747.79,9993.47,47.67867242,-122.24740149,E,2747.79,9993.47,47.67867242,-122.24740149
4267226,2026-05-16T10:23:39,39.62,0.7976,F,2749.71,9996.26,47.67869754,-122.24737587,E,2749.71,9996.26,47.67869754,-122.24737587
4272312,2026-05-16T10:23:44,33.5,0.6012,F,2750.9,9998.57,47.67871828,-122.24735999,E,2750.9,9998.57,47.67871828,-122.24735999
4277406,2026-05-16T10:23:49,16.74,0.375,F,2751.15,10000.25,47.67873336,-122.24735679,E,2751.15,10000.25,47.67873336,-122.24735679
4282458,2026-05-16T10:23:54,12.52,0.3631,F,2751.25,10001.9,47.67874815,-122.24735545,E,2751.25,10001.9,47.67874815,-122.24735545
4287512,2026-05-16T10:23:59,358.57,0.4167,F,2750.85,10003.83,47.67876557,-122.24736069,E,2750.85,10003.83,47.67876557,-122.24736069
4292598,2026-05-16T10:24:04,9.12,0.4226,F,2750.84,10005.79,47.67878311,-122.24736079,E,2750.84,10005.79,47.67878311,-122.24736079
4297682,2026-05-16T10:24:09,8.07,0.3452,F,2750.81,10007.39,47.67879747,-122.2473613,E,2750.81,10007.39,47.67879747,-122.2473613
4302736,2026-05-16T10:24:14,358.41,0.2976,F,2750.52,10008.77,47.67880992,-122.2473651,E,2750.52,10008.77,47.67880992,-122.2473651
4307823,2026-05-16T10:24:20,327.8,0.119,F,2750.1,10009.24,47.67881409,-122.2473707,E,2750.1,10009.24,47.67881409,-122.2473707
4312872,2026-05-16T10:24:25,308.26,0.0536,F,2749.84,10009.38,47.6788154,-122.24737412,E,2749.84,10009.38,47.6788154,-122.24737412
4317949,2026-05-16T10:24:30,290.44,0.0179,F,2749.74,10009.41,47.67881562,-122.24737545,E,2749.74,10009.41,47.67881562,-122.24737545
4323024,2026-05-16T10:24:35,287.94,0.006,F,2749.71,10009.41,47.67881569,-122.2473759,E,2749.71,10009.41,47.67881569,-122.2473759
4328115,2026-05-16T10:24:40,299.84,0,F,2749.71,10009.41,47.67881569,-122.2473759,E,2749.71,10009.41,47.67881569,-122.2473759
4333182,2026-05-16T10:24:45,297.08,0,F,2749.71,10009.41,47.67881569,-122.2473759,E,2749.71,10009.41,47.67881569,-122.2473759
4338278,2026-05-16T10:24:50,303.54,0,F,2749.71,10009.41,47.67881569,-122.2473759,E,2749.71,10009.41,47.67881569,-122.2473759
4343331,2026-05-16T10:24:55,327.18,0,F,2749.71,10009.41,47.67881569,-122.2473759,E,2749.71,10009.41,47.67881569,-122.2473759
4348367,2026-05-16T10:25:00,275.74,0,F,2749.71,10009.41,47.67881569,-122.2473759,E,2749.71,10009.41,47.67881569,-122.2473759
4353411,2026-05-16T10:25:05,295.07,0,F,2749.71,10009.41,47.67881569,-122.2473759,E,2749.71,10009.41,47.67881569,-122.2473759
4358489,2026-05-16T10:25:10,312.34,0,F,2749.71,10009.41,47.67881569,-122.2473759,E,2749.71,10009.41,47.67881569,-122.2473759
4363571,2026-05-16T10:25:15,307.44,0,F,2749.71,10009.41,47.67881569,-122.2473759,E,2749.71,10009.41,47.67881569,-122.2473759
4368640,2026-05-16T10:25:20,209.82,0.0119,F,2749.67,10009.36,47.67881517,-122.24737643,E,2749.67,10009.36,47.67881517,-122.24737643
4373709,2026-05-16T10:25:25,346.93,0.0655,F,2749.54,10009.65,47.67881784,-122.24737815,E,2749.54,10009.65,47.67881784,-122.24737815
4378802,2026-05-16T10:25:31,355.58,0.0119,F,2749.53,10009.71,47.67881834,-122.24737834,E,2749.53,10009.71,47.67881834,-122.24737834
4383877,2026-05-16T10:25:36,0.38,0,F,2749.53,10009.71,47.67881834,-122.24737834,E,2749.53,10009.71,47.67881834,-122.24737834
4388964,2026-05-16T10:25:41,353.16,0,F,2749.53,10009.71,47.67881834,-122.24737834,E,2749.53,10009.71,47.67881834,-122.24737834
4394055,2026-05-16T10:25:46,4.82,0,F,2749.53,10009.71,47.67881834,-122.24737834,E,2749.53,10009.71,47.67881834,-122.24737834
4399123,2026-05-16T10:25:51,12.37,0,F,2749.53,10009.71,47.67881834,-122.24737834,E,2749.53,10009.71,47.67881834,-122.24737834
4404202,2026-05-16T10:25:56,22.88,0,F,2749.53,10009.71,47.67881834,-122.24737834,E,2749.53,10009.71,47.67881834,-122.24737834
4409282,2026-05-16T10:26:01,32.27,0,F,2749.53,10009.71,47.67881834,-122.24737834,E,2749.53,10009.71,47.67881834,-122.24737834
4414367,2026-05-16T10:26:06,38.41,0,F,2749.53,10009.71,47.67881834,-122.24737834,E,2749.53,10009.71,47.67881834,-122.24737834
4419435,2026-05-16T10:26:11,46.53,0,F,2749.53,10009.71,47.67881834,-122.24737834,E,2749.53,10009.71,47.67881834,-122.24737834
4424496,2026-05-16T10:26:16,32.75,0.006,F,2749.54,10009.73,47.67881855,-122.24737819,E,2749.54,10009.73,47.67881855,-122.24737819
4429591,2026-05-16T10:26:21,326.83,0,F,2749.54,10009.73,47.67881855,-122.24737819,E,2749.54,10009.73,47.67881855,-122.24737819
4434653,2026-05-16T10:26:26,309.38,0,F,2749.54,10009.73,47.67881855,-122.24737819,E,2749.54,10009.73,47.67881855,-122.24737819
4439730,2026-05-16T10:26:31,353.3,0.0119,F,2749.52,10009.79,47.67881905,-122.24737841,E,2749.52,10009.79,47.67881905,-122.24737841
4444789,2026-05-16T10:26:36,321.96,0,F,2749.52,10009.79,47.67881905,-122.24737841,E,2749.52,10009.79,47.67881905,-122.24737841
4449792,2026-05-16T10:26:41,258.35,0.1488,F,2748.67,10009.58,47.67881717,-122.24738973,E,2748.67,10009.58,47.67881717,-122.24738973
4454869,2026-05-16T10:26:47,230.15,0.0476,F,2748.45,10009.41,47.67881561,-122.24739272,E,2748.45,10009.41,47.67881561,-122.24739272
4459974,2026-05-16T10:26:52,206.35,0.0238,F,2748.37,10009.29,47.67881454,-122.2473937,E,2748.37,10009.29,47.67881454,-122.2473937
4465024,2026-05-16T10:26:57,189.76,0.0238,F,2748.33,10009.16,47.67881339,-122.24739423,E,2748.33,10009.16,47.67881339,-122.24739423
4470080,2026-05-16T10:27:02,216.05,0.0179,F,2748.27,10009.08,47.67881267,-122.24739514,E,2748.27,10009.08,47.67881267,-122.24739514
4475156,2026-05-16T10:27:07,195.11,0.006,F,2748.25,10009.05,47.67881239,-122.24739531,E,2748.25,10009.05,47.67881239,-122.24739531
4480220,2026-05-16T10:27:12,172.24,0.0714,F,2748.24,10008.66,47.67880891,-122.24739544,E,2748.24,10008.66,47.67880891,-122.24739544
4485271,2026-05-16T10:27:17,160.27,0.0179,F,2748.26,10008.57,47.67880808,-122.24739523,E,2748.26,10008.57,47.67880808,-122.24739523
4490339,2026-05-16T10:27:22,175.43,0.0119,F,2748.25,10008.5,47.6788075,-122.24739529,E,2748.25,10008.5,47.6788075,-122.24739529
4495409,2026-05-16T10:27:27,171.45,0.0119,F,2748.25,10008.44,47.67880692,-122.2473953,E,2748.25,10008.44,47.67880692,-122.2473953
4500487,2026-05-16T10:27:32,231.24,0.006,F,2748.23,10008.42,47.67880673,-122.24739569,E,2748.23,10008.42,47.67880673,-122.24739569
4505539,2026-05-16T10:27:37,220.06,0.0119,F,2748.18,10008.37,47.67880627,-122.24739633,E,2748.18,10008.37,47.67880627,-122.24739633
4510628,2026-05-16T10:27:42,247.74,0.0238,F,2748.04,10008.31,47.67880578,-122.24739808,E,2748.04,10008.31,47.67880578,-122.24739808
4515706,2026-05-16T10:27:47,187.5,0.0179,F,2748.02,10008.21,47.6788049,-122.24739844,E,2748.02,10008.21,47.6788049,-122.24739844
4520809,2026-05-16T10:27:53,175.95,0.006,F,2748.02,10008.18,47.67880461,-122.24739848,E,2748.02,10008.18,47.67880461,-122.24739848
4525853,2026-05-16T10:27:58,151.25,0,F,2748.02,10008.18,47.67880461,-122.24739848,E,2748.02,10008.18,47.67880461,-122.24739848
4530935,2026-05-16T10:28:03,128.31,0,F,2748.02,10008.18,47.67880461,-122.24739848,E,2748.02,10008.18,47.67880461,-122.24739848
4536021,2026-05-16T10:28:08,129.29,0.0238,F,2748.09,10008.09,47.67880383,-122.24739749,E,2748.09,10008.09,47.67880383,-122.24739749
4541074,2026-05-16T10:28:13,139.04,0.0417,F,2748.19,10007.92,47.67880225,-122.2473961,E,2748.19,10007.92,47.67880225,-122.2473961
4546140,2026-05-16T10:28:18,193.32,0.0119,F,2748.17,10007.86,47.67880168,-122.24739642,E,2748.17,10007.86,47.67880168,-122.24739642
4551178,2026-05-16T10:28:23,186.87,0,F,2748.17,10007.86,47.67880168,-122.24739642,E,2748.17,10007.86,47.67880168,-122.24739642
4556247,2026-05-16T10:28:28,215.8,0,F,2748.17,10007.86,47.67880168,-122.24739642,E,2748.17,10007.86,47.67880168,-122.24739642
4561304,2026-05-16T10:28:33,194.47,0.0893,F,2747.98,10007.38,47.67879743,-122.2473989,E,2747.98,10007.38,47.67879743,-122.2473989
4566385,2026-05-16T10:28:38,195.07,0.0298,F,2747.92,10007.22,47.67879601,-122.24739975,E,2747.92,10007.22,47.67879601,-122.24739975
4571471,2026-05-16T10:28:43,282.82,0.0536,F,2747.61,10007.26,47.67879636,-122.24740388,E,2747.61,10007.26,47.67879636,-122.24740388
4576568,2026-05-16T10:28:48,223.58,0.0714,F,2747.3,10006.97,47.67879374,-122.247408,E,2747.3,10006.97,47.67879374,-122.247408
4581573,2026-05-16T10:28:53,246.1,0.0476,F,2747.04,10006.86,47.6787927,-122.24741142,E,2747.04,10006.86,47.6787927,-122.24741142
4586648,2026-05-16T10:28:58,10.69,0.1548,F,2747.06,10007.57,47.67879908,-122.24741117,E,2747.06,10007.57,47.67879908,-122.24741117
4591739,2026-05-16T10:29:03,37.99,0.2024,F,2747.53,10008.3,47.67880565,-122.24740495,E,2747.53,10008.3,47.67880565,-122.24740495
4596833,2026-05-16T10:29:09,347.79,0.256,F,2747.04,10009.47,47.67881617,-122.24741144,E,2747.04,10009.47,47.67881617,-122.24741144
4601918,2026-05-16T10:29:14,326.42,0.1607,F,2746.46,10010.08,47.67882171,-122.24741922,E,2746.46,10010.08,47.67882171,-122.24741922
4607008,2026-05-16T10:29:19,329.16,0.2262,F,2745.68,10010.98,47.67882977,-122.24742957,E,2745.68,10010.98,47.67882977,-122.24742957
4612096,2026-05-16T10:29:24,288.85,7.6548,G,2702.51,10020.5,47.67891523,-122.24800454,G,2702.51,10020.5,47.67891523,-122.24800454
4617170,2026-05-16T10:29:29,209.38,6.5536,G,2680.81,9988.9,47.67863138,-122.24829358,G,2680.81,9988.9,47.67863138,-122.24829358
4622214,2026-05-16T10:29:34,181.74,0.006,F,2680.81,9988.86,47.67863109,-122.24829366,E,2680.81,9988.86,47.67863109,-122.24829366
4627302,2026-05-16T10:29:39,163.54,0,F,2680.81,9988.86,47.67863109,-122.24829366,E,2680.81,9988.86,47.67863109,-122.24829366
4632368,2026-05-16T10:29:44,150.58,0,F,2680.81,9988.86,47.67863109,-122.24829366,E,2680.81,9988.86,47.67863109,-122.24829366
4637444,2026-05-16T10:29:49,144.72,0.0119,F,2680.83,9988.81,47.6786306,-122.24829333,E,2680.83,9988.81,47.6786306,-122.24829333
4642501,2026-05-16T10:29:54,141.12,0,F,2680.83,9988.81,47.6786306,-122.24829333,E,2680.83,9988.81,47.6786306,-122.24829333
4647581,2026-05-16T10:29:59,78.54,0.0417,F,2681,9988.84,47.67863083,-122.24829102,E,2681,9988.84,47.67863083,-122.24829102
4652670,2026-05-16T10:30:04,81.99,5.1429,G,2681,9988.84,47.67863083,-122.24829102,G,2681,9988.84,47.67863083,-122.24829102
4657725,2026-05-16T10:30:09,82.75,2.0238,G,2678.71,9990.96,47.6786499,-122.24832153,G,2678.71,9990.96,47.6786499,-122.24832153
4662813,2026-05-16T10:30:15,73.9,4.6548,G,2675.85,9993.08,47.67866898,-122.24835968,G,2675.85,9993.08,47.67866898,-122.24835968
4667906,2026-05-16T10:30:20,157.09,3.8869,G,2671.84,9993.93,47.67867661,-122.24841309,G,2671.84,9993.93,47.67867661,-122.24841309
