timestamp_ms,heading_deg,speed_ms,speed_src,pos_x_m,pos_y_m,lat,lon,pos_src,mag_x_raw,mag_y_raw,mag_z_raw,accel_x_raw,accel_y_raw,accel_z_raw,gyro_x_raw,gyro_y_raw,gyro_z_raw,mag_x_cal,mag_y_cal,mag_z_cal,accel_x_cal,accel_y_cal,accel_z_cal,gyro_x_cal,gyro_y_cal,gyro_z_cal,pitch_deg,roll_deg
85279,41.73,0.000,F,0.00,0.00,47.50000000,-122.50000000,E,39.813,45.981,137.299,-0.006,-0.061,-0.994,-0.009,-0.068,-0.036,15.135,4.507,48.054,-0.013,-0.068,-1.001,-0.002,0.009,0.005,-0.06,3.69
85387,41.76,0.000,F,0.00,0.00,47.50000000,-122.50000000,E,40.807,45.703,137.255,-0.003,-0.058,-0.995,-0.010,-0.063,-0.035,16.096,4.221,48.003,-0.010,-0.065,-1.003,-0.003,0.014,0.006,-0.05,3.69
85496,41.71,0.000,F,0.00,0.00,47.50000000,-122.50000000,E,40.412,46.288,137.357,-0.003,-0.059,-0.995,-0.007,-0.071,-0.038,15.714,4.822,48.113,-0.009,-0.066,-1.002,-0.001,0.006,0.003,-0.06,3.68
85604,41.81,0.000,F,0.00,0.00,47.50000000,-122.50000000,E,40.193,46.010,137.343,-0.004,-0.061,-0.995,-0.010,-0.065,-0.036,15.502,4.537,48.097,-0.011,-0.068,-1.002,-0.003,0.011,0.005,-0.05,3.68
85709,41.81,0.000,F,0.00,0.00,47.50000000,-122.50000000,E,40.354,45.849,137.211,-0.002,-0.059,-0.994,-0.009,-0.066,-0.037,15.659,4.371,47.962,-0.009,-0.066,-1.002,-0.002,0.011,0.004,-0.06,3.69
85817,41.67,0.000,F,0.00,0.00,47.50000000,-122.50000000,E,40.456,45.367,137.606,-0.002,-0.059,-0.994,-0.007,-0.068,-0.039,15.756,3.880,48.356,-0.009,-0.066,-1.002,-0.001,0.009,0.002,-0.06,3.68
85926,41.66,0.000,F,0.00,0.00,47.50000000,-122.50000000,E,40.178,45.849,137.884,-0.003,-0.059,-0.995,-0.008,-0.066,-0.034,15.486,4.377,48.642,-0.009,-0.066,-1.003,-0.002,0.011,0.007,-0.05,3.68
86034,41.49,0.000,F,0.00,0.00,47.50000000,-122.50000000,E,40.851,45.469,137.007,-0.002,-0.055,-1.005,-0.013,-0.067,-0.034,16.140,3.980,47.749,-0.009,-0.062,-1.013,-0.006,0.009,0.007,-0.04,3.69
86142,41.33,0.000,F,0.00,0.00,47.50000000,-122.50000000,E,40.514,45.440,136.393,0.003,-0.063,-0.988,-0.011,-0.071,-0.035,15.818,3.945,47.130,-0.004,-0.070,-0.995,-0.005,0.006,0.006,-0.04,3.68
86251,41.32,0.000,F,0.00,0.00,47.50000000,-122.50000000,E,40.354,45.951,136.992,-0.004,-0.066,-1.000,-0.013,-0.067,-0.033,15.659,4.474,47.741,-0.011,-0.073,-1.008,-0.006,0.010,0.008,-0.04,3.68
86360,41.38,0.000,F,0.00,0.00,47.50000000,-122.50000000,E,40.573,45.820,137.255,-0.003,-0.064,-0.988,-0.012,-0.067,-0.030,15.870,4.341,48.005,-0.009,-0.071,-0.995,-0.005,0.010,0.011,-0.04,3.69
86469,41.42,0.000,F,0.00,0.00,47.50000000,-122.50000000,E,40.164,46.112,137.445,0.017,-0.064,-0.994,-0.006,-0.057,-0.035,15.474,4.643,48.201,0.011,-0.071,-1.002,-0.000,0.020,0.006,-0.09,3.67
86577,41.58,0.000,F,0.00,0.00,47.50000000,-122.50000000,E,40.295,46.068,137.124,-0.010,-0.065,-0.991,-0.011,-0.078,-0.030,15.602,4.595,47.875,-0.017,-0.072,-0.999,-0.004,-0.002,0.011,-0.10,3.68
86682,41.76,0.000,F,0.00,0.00,47.50000000,-122.50000000,E,40.529,46.258,137.182,0.025,-0.069,-0.999,-0.010,-0.066,0.001,15.828,4.790,47.935,0.018,-0.076,-1.006,-0.004,0.011,0.042,0.00,3.75
86790,41.94,0.000,F,0.00,0.00,47.50000000,-122.50000000,E,40.134,45.703,137.606,0.044,-0.055,-0.995,-0.007,-0.063,0.080,15.445,4.225,48.360,0.037,-0.062,-1.002,-0.001,0.013,0.122,0.32,3.77
86899,42.54,0.000,F,0.00,0.00,47.50000000,-122.50000000,E,39.915,46.317,136.934,0.070,-0.065,-0.996,-0.006,-0.053,0.141,15.236,4.849,47.687,0.063,-0.072,-1.004,0.001,0.024,0.182,0.52,3.74
87008,43.85,0.000,F,0.00,0.00,47.50000000,-122.50000000,E,40.164,46.390,136.144,-0.017,-0.073,-0.993,-0.007,-0.056,0.170,15.479,4.917,46.889,-0.023,-0.080,-1.000,-0.001,0.021,0.211,0.53,3.79
87116,45.03,0.000,F,0.00,0.00,47.50000000,-122.50000000,E,40.003,46.258,137.533,-0.021,-0.045,-0.999,-0.007,-0.061,0.138,15.318,4.794,48.291,-0.028,-0.052,-1.006,-0.000,0.016,0.179,0.32,3.77
87224,46.13,0.000,F,0.00,0.00,47.50000000,-122.50000000,E,40.120,47.121,136.744,-0.021,-0.062,-0.993,-0.011,-0.054,0.114,15.434,5.671,47.501,-0.028,-0.069,-1.001,-0.005,0.023,0.155,0.19,3.79
87332,47.02,0.000,F,0.00,0.00,47.50000000,-122.50000000,E,39.901,47.457,136.861,0.014,-0.053,-0.999,-0.011,-0.064,0.108,15.221,6.017,47.623,0.007,-0.060,-1.007,-0.004,0.012,0.149,0.18,3.77
87438,48.01,0.000,F,0.00,0.00,47.50000000,-122.50000000,E,39.740,47.925,136.977,0.042,-0.065,-0.970,-0.007,-0.040,0.145,15.065,6.497,47.746,0.036,-0.072,-0.978,-0.001,0.037,0.186,0.24,3.82
87547,49.23,0.000,F,0.00,0.00,47.50000000,-122.50000000,E,39.199,48.641,137.357,0.018,-0.046,-1.010,-0.010,-0.050,0.176,14.540,7.235,48.138,0.012,-0.053,-1.017,-0.004,0.027,0.217,0.30,3.83
87651,50.59,0.000,F,0.00,0.00,47.50000000,-122.50000000,E,39.491,48.743,136.627,0.019,-0.048,-0.943,0.002,-0.055,0.211,14.825,7.333,47.400,0.012,-0.055,-0.951,0.008,0.022,0.252,0.38,3.84
87759,52.17,0.000,F,0.00,0.00,47.50000000,-122.50000000,E,38.878,49.035,137.416,-0.003,-0.070,-0.985,-0.007,-0.048,0.223,14.228,7.640,48.202,-0.010,-0.077,-0.993,-0.001,0.029,0.264,0.35,3.85
87867,53.98,0.000,F,0.00,0.00,47.50000000,-122.50000000,E,38.293,49.576,137.241,0.039,-0.080,-0.989,-0.007,-0.069,0.249,13.663,8.194,48.032,0.032,-0.087,-0.996,-0.000,0.008,0.290,0.33,3.94
87975,55.67,0.000,F,0.00,0.00,47.50000000,-122.50000000,E,38.556,50.190,137.357,0.033,-0.064,-0.985,-0.006,-0.050,0.273,13.917,8.824,48.155,0.027,-0.071,-0.992,0.001,0.027,0.314,0.37,3.89
88084,57.51,0.000,F,0.00,0.00,47.50000000,-122.50000000,E,38.512,50.643,136.773,0.040,-0.041,-0.964,-0.007,-0.050,0.343,13.877,9.283,47.568,0.033,-0.048,-0.971,-0.000,0.027,0.384,0.57,3.91
88192,59.79,0.000,F,0.00,0.00,47.50000000,-122.50000000,E,37.928,50.994,137.562,0.004,-0.049,-0.988,-0.003,-0.046,0.369,13.308,9.650,48.371,-0.003,-0.056,-0.996,0.004,0.031,0.410,0.56,3.86
88300,62.55,0.000,F,0.00,0.00,47.50000000,-122.50000000,E,36.992,51.871,137.226,-0.005,-0.064,-1.041,-0.000,-0.036,0.353,12.404,10.547,48.043,-0.012,-0.071,-1.048,0.006,0.041,0.394,0.42,3.86
88408,65.26,0.000,F,0.00,0.00,47.50000000,-122.50000000,E,36.130,52.002,136.744,-0.024,-0.062,-0.994,-0.000,-0.047,0.334,11.573,10.678,47.561,-0.030,-0.069,-1.002,0.006,0.029,0.375,0.28,3.90
88517,67.73,0.000,F,0.00,0.00,47.50000000,-122.50000000,E,35.764,52.499,136.787,0.014,-0.066,-1.027,-0.002,-0.038,0.338,11.219,11.188,47.611,0.007,-0.073,-1.034,0.004,0.038,0.379,0.27,3.98
88625,70.17,0.000,F,0.00,0.00,47.50000000,-122.50000000,E,34.741,53.771,137.080,0.034,-0.085,-0.999,0.001,-0.045,0.385,10.228,12.495,47.922,0.027,-0.092,-1.006,0.007,0.031,0.426,0.32,4.06
88729,72.31,0.000,F,0.00,0.00,47.50000000,-122.50000000,E,33.777,54.122,137.548,0.049,-0.060,-0.919,0.014,-0.053,0.462,9.293,12.860,48.401,0.042,-0.067,-0.927,0.020,0.024,0.503,0.64,4.07
88837,75.13,0.000,F,0.00,0.00,47.50000000,-122.50000000,E,32.724,54.472,137.094,0.044,-0.031,-0.990,0.001,-0.027,0.573,8.277,13.216,47.951,0.037,-0.038,-0.998,0.007,0.050,0.615,0.93,4.01
88945,78.94,0.000,F,0.00,0.00,47.50000000,-122.50000000,E,31.643,55.379,137.226,-0.004,-0.021,-1.019,0.011,-0.023,0.629,7.231,14.147,48.097,-0.011,-0.028,-1.027,0.017,0.054,0.670,0.99,3.86
89054,83.64,0.000,F,0.00,0.00,47.50000000,-122.50000000,E,30.386,55.656,137.621,-0.063,-0.027,-1.055,0.002,-0.033,0.615,6.014,14.436,48.503,-0.070,-0.034,-1.062,0.009,0.044,0.656,0.79,3.95
89162,88.47,0.000,F,0.00,0.00,47.50000000,-122.50000000,E,28.954,56.182,137.197,-0.044,-0.019,-1.008,0.005,-0.029,0.551,4.631,14.973,48.086,-0.050,-0.026,-1.016,0.011,0.048,0.592,0.41,4.01
89270,92.76,0.000,F,0.00,0.00,47.50000000,-122.50000000,E,28.106,56.343,137.884,-0.040,-0.032,-0.979,0.004,-0.031,0.496,3.808,15.144,48.785,-0.047,-0.039,-0.986,0.010,0.046,0.537,0.10,3.88
89378,96.45,0.000,F,0.00,0.00,47.50000000,-122.50000000,E,27.024,56.694,138.191,-0.018,-0.048,-0.995,-0.001,-0.029,0.474,2.761,15.507,49.103,-0.024,-0.055,-1.002,0.005,0.048,0.515,-0.02,3.91
89487,100.03,0.000,F,0.00,0.00,47.50000000,-122.50000000,E,26.220,56.592,137.591,0.000,-0.048,-0.991,0.002,-0.032,0.467,1.987,15.398,48.500,-0.006,-0.056,-0.999,0.009,0.045,0.508,-0.12,3.83
89595,103.24,0.000,F,0.00,0.00,47.50000000,-122.50000000,E,25.139,56.431,137.460,0.022,-0.057,-0.985,0.003,-0.029,0.495,0.942,15.233,48.370,0.015,-0.064,-0.993,0.010,0.048,0.536,-0.06,3.84
89700,106.51,0.000,F,0.00,0.00,47.50000000,-122.50000000,E,24.057,57.001,137.138,0.042,-0.047,-0.980,0.003,-0.024,0.565,-0.103,15.815,48.055,0.036,-0.054,-0.987,0.009,0.053,0.606,0.09,3.84
89815,111.69,0.000,F,0.00,0.00,47.50000000,-122.50000000,E,21.806,56.270,137.533,0.010,-0.033,-1.005,0.009,-0.019,0.662,-2.279,15.071,48.457,0.003,-0.040,-1.012,0.015,0.057,0.703,0.14,3.77
89924,116.11,0.000,F,0.00,0.00,47.50000000,-122.50000000,E,20.126,56.095,137.372,0.004,-0.033,-1.002,-0.003,-0.016,0.728,-3.903,14.892,48.300,-0.003,-0.040,-1.009,0.004,0.060,0.769,0.30,3.69
90032,121.24,0.000,F,0.00,0.00,47.50000000,-122.50000000,E,18.138,55.832,137.621,-0.005,-0.040,-1.011,0.005,-0.010,0.736,-5.826,14.626,48.558,-0.012,-0.047,-1.018,0.011,0.067,0.777,0.25,3.73
90140,126.72,0.000,F,0.00,0.00,47.50000000,-122.50000000,E,17.188,55.656,137.621,-0.007,-0.051,-0.967,0.012,-0.016,0.693,-6.744,14.447,48.560,-0.014,-0.058,-0.975,0.018,0.061,0.734,0.03,3.75
90248,132.08,0.000,F,0.00,0.00,47.50000000,-122.50000000,E,15.580,54.940,137.314,-0.083,-0.035,-1.032,-0.002,-0.019,0.668,-8.296,13.711,48.251,-0.090,-0.042,-1.039,0.004,0.058,0.709,-0.22,3.67
90356,136.90,0.000,F,0.00,0.00,47.50000000,-122.50000000,E,14.265,54.399,137.036,-0.033,-0.042,-0.987,0.001,-0.026,0.610,-9.566,13.155,47.972,-0.040,-0.049,-0.995,0.008,0.051,0.651,-0.37,3.64
90464,141.16,0.000,F,0.00,0.00,47.50000000,-122.50000000,E,12.935,53.420,137.080,0.009,-0.044,-1.017,-0.011,-0.015,0.669,-10.851,12.153,48.013,0.002,-0.051,-1.024,-0.005,0.062,0.710,-0.20,3.52
90572,145.92,0.000,F,0.00,0.00,47.50000000,-122.50000000,E,11.429,53.069,136.583,0.008,-0.030,-0.987,-0.009,-0.009,0.699,-12.304,11.790,47.515,0.001,-0.037,-0.994,-0.003,0.068,0.741,-0.12,3.42
90679,151.19,0.000,F,0.00,0.00,47.50000000,-122.50000000,E,10.947,51.958,136.861,-0.046,0.001,-1.051,-0.013,-0.015,0.691,-12.770,10.654,47.788,-0.053,-0.006,-1.059,-0.006,0.062,0.732,-0.26,3.22
90789,156.49,0.000,F,0.00,0.00,47.50000000,-122.50000000,E,10.319,51.301,136.641,-0.042,0.046,-0.972,-0.001,-0.018,0.633,-13.376,9.979,47.563,-0.049,0.040,-0.979,0.006,0.058,0.674,-0.59,3.03
90889,161.09,0.000,F,0.00,0.00,47.50000000,-122.50000000,E,8.550,48.612,136.671,-0.047,-0.043,-0.996,-0.005,-0.029,0.599,-15.084,7.224,47.577,-0.053,-0.050,-1.003,0.002,0.048,0.640,-0.85,2.87
90998,165.47,0.000,F,0.00,0.00,47.50000000,-122.50000000,E,7.512,47.413,136.174,-0.078,-0.059,-0.996,-0.006,-0.023,0.600,-16.083,5.992,47.069,-0.085,-0.066,-1.004,-0.000,0.054,0.641,-0.84,2.80
91106,169.78,0.000,F,0.00,0.00,47.50000000,-122.50000000,E,7.702,47.033,136.115,-0.091,-0.021,-0.997,-0.006,-0.030,0.512,-15.899,5.601,47.006,-0.098,-0.028,-1.004,0.001,0.046,0.553,-1.25,2.77
91214,173.36,0.000,F,0.00,0.00,47.50000000,-122.50000000,E,6.635,45.878,136.597,-0.071,-0.039,-0.993,-0.002,-0.027,0.416,-16.932,4.423,47.488,-0.078,-0.046,-1.001,0.004,0.050,0.457,-1.64,2.73
91322,176.24,0.000,F,0.00,0.00,47.50000000,-122.50000000,E,6.519,44.753,135.867,-0.064,-0.064,-0.993,-0.004,-0.030,0.381,-17.041,3.263,46.740,-0.071,-0.071,-1.000,0.002,0.046,0.422,-1.82,2.76
91430,178.68,0.000,F,0.00,0.00,47.50000000,-122.50000000,E,6.431,44.475,135.180,0.006,-0.061,-1.000,-0.002,-0.036,0.372,-17.122,2.972,46.044,-0.001,-0.068,-1.007,0.005,0.041,0.413,-1.68,2.83
91538,181.34,0.000,F,0.00,0.00,47.50000000,-122.50000000,E,6.241,43.555,135.911,-0.043,-0.049,-0.993,-0.006,-0.027,0.400,-17.308,2.035,46.776,-0.049,-0.056,-1.001,0.000,0.050,0.441,-1.64,2.82
91647,184.63,0.000,F,0.00,0.00,47.50000000,-122.50000000,E,5.773,42.385,135.735,0.001,-0.035,-0.992,0.002,-0.018,0.488,-17.759,0.835,46.590,-0.005,-0.042,-1.000,0.009,0.058,0.529,-1.43,2.74
91751,187.89,0.000,F,0.00,0.00,47.50000000,-122.50000000,E,5.700,41.494,136.144,-0.009,-0.075,-0.989,0.001,-0.011,0.541,-17.830,-0.075,46.996,-0.015,-0.082,-0.997,0.007,0.065,0.582,-1.25,2.84
91860,191.04,0.000,F,0.00,0.00,47.50000000,-122.50000000,E,5.802,40.661,135.516,-0.015,-0.066,-0.998,-0.003,-0.048,0.542,-17.728,-0.935,46.354,-0.022,-0.073,-1.006,0.003,0.029,0.583,-1.05,3.02
91968,194.80,0.000,F,0.00,0.00,47.50000000,-122.50000000,E,5.744,39.389,135.019,0.031,-0.040,-0.986,-0.000,-0.033,0.583,-17.782,-2.242,45.841,0.024,-0.047,-0.993,0.006,0.044,0.624,-0.87,3.02
92068,198.67,0.000,F,0.00,0.00,47.50000000,-122.50000000,E,5.832,38.074,135.326,-0.051,-0.068,-0.995,0.001,-0.031,0.638,-17.697,-3.588,46.139,-0.058,-0.075,-1.003,0.007,0.045,0.679,-0.61,3.11
92177,202.69,0.000,F,0.00,0.00,47.50000000,-122.50000000,E,6.109,35.779,135.224,-0.052,-0.080,-0.994,0.002,-0.034,0.610,-17.426,-5.942,46.015,-0.058,-0.087,-1.001,0.008,0.043,0.651,-0.73,3.22
92285,206.90,0.000,F,0.00,0.00,47.50000000,-122.50000000,E,7.147,34.420,135.516,0.007,-0.034,-0.991,0.002,-0.035,0.605,-16.423,-7.333,46.294,0.000,-0.041,-0.998,0.008,0.041,0.646,-0.61,3.19
92393,210.87,0.000,F,0.00,0.00,47.50000000,-122.50000000,E,7.571,33.967,134.917,0.009,-0.075,-0.981,0.001,-0.022,0.545,-16.011,-7.803,45.683,0.002,-0.083,-0.988,0.007,0.055,0.586,-0.55,3.25
92501,213.09,0.000,F,0.00,0.00,47.50000000,-122.50000000,E,7.132,32.754,134.873,-0.021,-0.095,-0.996,-0.002,-0.051,0.364,-16.433,-9.047,45.630,-0.027,-0.102,-1.003,0.004,0.026,0.405,-0.82,3.53
92609,215.82,0.000,F,0.00,0.00,47.50000000,-122.50000000,E,7.279,31.234,134.858,0.051,-0.057,-0.985,-0.001,-0.061,0.337,-16.291,-10.605,45.601,0.044,-0.064,-0.992,0.005,0.016,0.378,-0.58,3.59
92714,218.34,0.000,F,0.00,0.00,47.50000000,-122.50000000,E,8.112,31.204,136.159,0.021,-0.087,-0.995,-0.002,-0.043,0.336,-15.491,-10.625,46.912,0.014,-0.094,-1.003,0.005,0.034,0.377,-0.31,3.72
92823,221.78,0.000,F,0.00,0.00,47.50000000,-122.50000000,E,9.047,30.620,135.311,0.098,-0.026,-0.990,0.001,-0.039,0.422,-14.583,-11.232,46.046,0.092,-0.033,-0.997,0.007,0.038,0.463,0.07,3.65
92932,225.31,0.000,F,0.00,0.00,47.50000000,-122.50000000,E,9.719,29.743,135.998,-0.072,-0.055,-1.008,0.023,-0.058,0.430,-13.935,-12.126,46.730,-0.079,-0.062,-1.015,0.029,0.019,0.471,-0.03,3.69
93041,228.01,0.000,F,0.00,0.00,47.50000000,-122.50000000,E,10.172,28.617,135.151,-0.056,-0.067,-0.980,0.005,-0.037,0.388,-13.493,-13.287,45.862,-0.062,-0.074,-0.988,0.011,0.039,0.429,-0.32,3.84
93149,230.12,0.000,F,0.00,0.00,47.50000000,-122.50000000,E,10.626,28.442,135.107,-0.061,-0.068,-1.003,0.010,-0.043,0.304,-13.054,-13.467,45.814,-0.068,-0.075,-1.010,0.016,0.033,0.345,-0.64,3.93
93257,232.38,0.000,F,0.00,0.00,47.50000000,-122.50000000,E,11.590,26.849,135.443,0.042,-0.063,-0.950,0.010,-0.058,0.290,-12.122,-15.098,46.135,0.035,-0.070,-0.958,0.017,0.019,0.331,-0.67,4.04
93365,236.13,0.000,F,0.00,0.00,47.50000000,-122.50000000,E,12.087,26.527,135.487,0.014,-0.058,-0.975,0.002,-0.039,0.412,-11.642,-15.428,46.175,0.008,-0.065,-0.982,0.009,0.038,0.453,-0.41,3.89
93473,239.67,0.000,F,0.00,0.00,47.50000000,-122.50000000,E,12.482,25.548,134.961,-0.056,-0.065,-0.999,0.010,-0.037,0.461,-11.257,-16.437,45.633,-0.063,-0.072,-1.006,0.017,0.039,0.502,-0.43,3.77
93581,242.39,0.000,F,0.00,0.00,47.50000000,-122.50000000,E,13.359,25.110,134.887,-0.154,-0.092,-1.042,-0.004,-0.031,0.414,-10.409,-16.887,45.552,-0.161,-0.099,-1.049,0.002,0.046,0.455,-0.64,3.83
93685,244.48,0.000,F,0.00,0.00,47.50000000,-122.50000000,E,14.469,24.949,134.668,-0.011,-0.079,-0.998,-0.001,-0.029,0.329,-9.334,-17.055,45.324,-0.018,-0.086,-1.006,0.005,0.047,0.370,-0.83,3.94
93793,246.77,0.000,F,0.00,0.00,47.50000000,-122.50000000,E,15.156,24.467,134.215,-0.012,-0.067,-0.983,-0.011,-0.043,0.307,-8.668,-17.554,44.859,-0.018,-0.074,-0.990,-0.005,0.034,0.348,-0.88,3.99
93901,249.86,0.000,F,0.00,0.00,47.50000000,-122.50000000,E,15.814,24.335,134.420,0.082,-0.062,-0.948,0.000,-0.050,0.339,-8.033,-17.688,45.062,0.076,-0.070,-0.956,0.007,0.027,0.381,-0.71,3.93
94009,253.86,0.000,F,0.00,0.00,47.50000000,-122.50000000,E,16.428,23.867,134.887,0.028,-0.054,-1.005,-0.017,-0.056,0.453,-7.441,-18.163,45.527,0.021,-0.061,-1.013,-0.010,0.021,0.494,-0.35,3.81
94117,256.74,0.000,F,0.00,0.00,47.50000000,-122.50000000,E,17.334,23.560,135.779,-0.015,-0.093,-0.930,0.010,-0.030,0.405,-6.569,-18.471,46.422,-0.022,-0.100,-0.938,0.017,0.047,0.446,-0.53,3.82
94225,259.10,0.000,F,0.00,0.00,47.50000000,-122.50000000,E,18.226,23.590,135.107,-0.058,-0.094,-1.002,-0.010,-0.040,0.345,-5.704,-18.448,45.739,-0.065,-0.102,-1.010,-0.004,0.037,0.386,-0.74,3.87
94333,261.92,0.000,F,0.00,0.00,47.50000000,-122.50000000,E,19.190,22.727,135.647,-0.046,-0.037,-0.987,-0.006,-0.044,0.341,-4.773,-19.328,46.273,-0.052,-0.044,-0.995,-0.000,0.033,0.382,-0.74,3.77
94436,264.71,0.000,F,0.00,0.00,47.50000000,-122.50000000,E,20.126,23.122,134.551,-0.061,-0.048,-0.984,-0.010,-0.040,0.364,-3.865,-18.933,45.165,-0.067,-0.055,-0.991,-0.004,0.037,0.405,-0.83,3.73
94544,268.00,0.000,F,0.00,0.00,47.50000000,-122.50000000,E,21.704,23.093,135.224,0.026,-0.020,-1.059,-0.021,-0.038,0.395,-2.342,-18.959,45.837,0.020,-0.027,-1.066,-0.014,0.039,0.437,-0.69,3.50
94653,270.81,0.000,F,0.00,0.00,47.50000000,-122.50000000,E,22.508,22.581,135.574,-0.044,-0.036,-0.995,-0.000,-0.034,0.368,-1.566,-19.481,46.184,-0.051,-0.043,-1.003,0.006,0.043,0.409,-0.82,3.36
94757,273.82,0.000,F,0.00,0.00,47.50000000,-122.50000000,E,22.917,22.727,135.209,-0.058,-0.012,-1.007,-0.007,-0.032,0.392,-1.169,-19.335,45.814,-0.065,-0.019,-1.014,-0.001,0.045,0.433,-0.81,3.10
94865,276.65,0.000,F,0.00,0.00,47.50000000,-122.50000000,E,23.297,22.990,135.472,0.040,-0.056,-1.003,0.007,-0.025,0.378,-0.803,-19.063,46.081,0.033,-0.063,-1.010,0.013,0.052,0.419,-0.76,3.07
94973,280.41,0.000,F,0.00,0.00,47.50000000,-122.50000000,E,24.116,23.151,135.121,-0.084,-0.169,-0.969,-0.001,-0.022,0.458,-0.010,-18.902,45.724,-0.091,-0.176,-0.977,0.006,0.054,0.499,-0.41,3.39
95082,277.76,0.000,F,0.00,0.00,47.50000000,-122.50000000,E,25.066,23.297,135.604,-0.107,-0.170,-0.969,-0.025,-0.091,-0.043,0.906,-18.749,46.209,-0.114,-0.177,-0.977,-0.018,-0.014,-0.002,-2.45,3.22
95190,278.36,0.000,F,0.00,0.00,47.50000000,-122.50000000,E,25.314,23.502,135.560,-0.054,-0.129,-0.970,0.005,-0.071,-0.039,1.146,-18.539,46.165,-0.061,-0.136,-0.977,0.011,0.006,0.002,-2.33,3.08
95298,279.31,0.000,F,0.00,0.00,47.50000000,-122.50000000,E,24.847,22.947,136.495,-0.021,-0.073,-0.993,-0.016,-0.071,-0.037,0.690,-19.100,47.107,-0.028,-0.080,-1.000,-0.009,0.006,0.004,-2.04,3.21
95406,279.72,0.000,F,0.00,0.00,47.50000000,-122.50000000,E,25.197,22.771,136.115,-0.004,-0.054,-0.999,-0.005,-0.038,-0.036,1.031,-19.284,46.720,-0.010,-0.061,-1.006,0.002,0.039,0.005,-1.94,3.25
95515,280.42,0.000,F,0.00,0.00,47.50000000,-122.50000000,E,24.920,22.640,136.027,-0.013,-0.053,-0.993,-0.013,-0.065,-0.034,0.763,-19.419,46.632,-0.020,-0.061,-1.000,-0.006,0.012,0.007,-1.74,3.37
95623,280.85,0.000,F,0.00,0.00,47.50000000,-122.50000000,E,25.095,22.713,136.481,-0.008,-0.072,-0.990,-0.005,-0.064,-0.038,0.931,-19.340,47.089,-0.015,-0.079,-0.997,0.002,0.013,0.004,-1.63,3.44
95728,281.71,0.000,F,0.00,0.00,47.50000000,-122.50000000,E,24.861,22.844,135.282,-0.010,-0.042,-0.994,-0.019,-0.080,-0.039,0.710,-19.216,45.881,-0.016,-0.049,-1.002,-0.013,-0.004,0.002,-1.41,3.52
95836,282.10,0.000,F,0.00,0.00,47.50000000,-122.50000000,E,24.569,22.844,135.487,0.283,-0.182,-0.797,0.000,0.011,0.005,0.426,-19.214,46.089,0.277,-0.189,-0.805,0.007,0.087,0.046,-0.83,3.13
95945,282.76,0.000,F,0.00,0.00,47.50000000,-122.50000000,E,24.642,22.654,135.954,0.002,-0.007,-1.000,-0.013,-0.089,0.104,0.495,-19.404,46.559,-0.004,-0.014,-1.007,-0.007,-0.012,0.145,-0.95,2.95
96053,285.35,0.000,F,0.00,0.00,47.50000000,-122.50000000,E,25.124,22.713,135.662,-0.007,0.021,-1.011,-0.006,-0.034,0.454,0.963,-19.347,46.262,-0.013,0.014,-1.018,0.001,0.042,0.495,-0.73,2.66
96161,289.57,0.000,F,0.00,0.00,47.50000000,-122.50000000,E,26.425,22.932,135.881,0.061,-0.045,-0.972,-0.006,-0.020,0.692,2.219,-19.122,46.480,0.055,-0.052,-0.979,0.000,0.057,0.733,-0.53,2.45
96270,294.81,0.000,F,0.00,0.00,47.50000000,-122.50000000,E,27.755,23.999,135.457,-0.008,-0.022,-1.015,-0.005,-0.009,0.847,3.505,-18.033,46.055,-0.015,-0.029,-1.023,0.001,0.068,0.888,-0.46,2.35
96378,300.83,0.000,F,0.00,0.00,47.50000000,-122.50000000,E,30.430,24.101,135.531,-0.020,-0.066,-1.026,-0.007,0.004,0.899,6.090,-17.929,46.118,-0.027,-0.073,-1.033,-0.001,0.081,0.940,-0.33,2.42
96486,307.04,0.000,F,0.00,0.00,47.50000000,-122.50000000,E,31.906,24.890,136.159,-0.047,-0.082,-0.976,0.008,0.036,0.900,7.514,-17.116,46.754,-0.054,-0.090,-0.984,0.015,0.112,0.941,-0.28,2.60
96594,313.18,0.000,F,0.00,0.00,47.50000000,-122.50000000,E,33.967,25.694,136.641,-0.039,-0.091,-0.972,-0.007,-0.034,0.834,9.503,-16.290,47.239,-0.046,-0.098,-0.980,-0.000,0.043,0.875,-0.38,2.86
96703,318.96,0.000,F,0.00,0.00,47.50000000,-122.50000000,E,35.238,26.542,136.101,-0.031,-0.100,-0.990,0.003,-0.015,0.743,10.734,-15.426,46.695,-0.038,-0.107,-0.997,0.009,0.062,0.784,-0.56,3.17
96812,324.70,0.000,F,0.00,0.00,47.50000000,-122.50000000,E,37.445,28.457,136.174,-0.029,-0.087,-0.998,-0.004,-0.002,0.689,12.866,-13.465,46.775,-0.036,-0.094,-1.005,0.002,0.075,0.730,-0.59,3.45
96920,330.04,0.000,F,0.00,0.00,47.50000000,-122.50000000,E,38.249,29.494,135.940,-0.039,-0.056,-0.996,-0.004,-0.003,0.705,13.643,-12.404,46.545,-0.045,-0.063,-1.004,0.002,0.074,0.746,-0.63,3.54
97028,335.51,0.000,F,0.00,0.00,47.50000000,-122.50000000,E,39.769,30.620,136.524,-0.080,-0.062,-1.006,-0.002,-0.007,0.744,15.109,-11.246,47.138,-0.087,-0.069,-1.013,0.004,0.070,0.786,-0.66,3.54
97137,341.51,0.000,F,0.00,0.00,47.50000000,-122.50000000,E,39.944,32.140,136.524,0.008,-0.068,-0.982,-0.002,-0.006,0.812,15.277,-9.688,47.151,0.002,-0.075,-0.990,0.005,0.071,0.853,-0.43,3.53
97245,347.48,0.000,F,0.00,0.00,47.50000000,-122.50000000,E,40.821,33.850,136.466,-0.052,-0.067,-0.998,0.003,-0.018,0.784,16.123,-7.936,47.103,-0.059,-0.074,-1.005,0.010,0.059,0.825,-0.37,3.51
97353,353.47,0.000,F,0.00,0.00,47.50000000,-122.50000000,E,41.026,35.633,136.481,-0.013,-0.071,-0.997,0.003,-0.008,0.704,16.320,-6.108,47.132,-0.020,-0.078,-1.004,0.009,0.068,0.745,-0.31,3.66
97461,358.93,0.000,F,0.00,0.00,47.50000000,-122.50000000,E,41.114,36.714,136.744,-0.043,-0.060,-1.001,-0.002,-0.019,0.601,16.403,-4.998,47.407,-0.049,-0.067,-1.008,0.005,0.058,0.642,-0.26,3.79
97569,4.06,0.000,F,0.00,0.00,47.50000000,-122.50000000,E,41.698,38.147,136.481,-0.026,-0.099,-0.998,-0.009,-0.045,0.472,16.968,-3.532,47.151,-0.033,-0.106,-1.005,-0.003,0.032,0.513,-0.20,4.00
97677,8.94,0.000,F,0.00,0.00,47.50000000,-122.50000000,E,41.406,38.863,135.881,0.054,-0.091,-0.973,-0.055,-0.102,0.489,16.687,-2.803,46.553,0.048,-0.098,-0.981,-0.049,-0.025,0.531,-0.03,4.10
97787,13.26,0.000,F,0.00,0.00,47.50000000,-122.50000000,E,41.830,40.105,136.130,-0.031,-0.077,-1.051,0.008,-0.018,0.331,17.095,-1.527,46.813,-0.038,-0.085,-1.058,0.015,0.058,0.372,-0.60,4.34
97895,16.80,0.000,F,0.00,0.00,47.50000000,-122.50000000,E,42.005,40.456,136.524,0.029,-0.111,-0.992,-0.004,-0.040,0.304,17.262,-1.165,47.214,0.022,-0.119,-1.000,0.002,0.037,0.345,-0.40,4.54
98003,20.50,0.000,F,0.00,0.00,47.50000000,-122.50000000,E,41.231,42.034,136.393,-0.019,-0.065,-0.983,-0.003,-0.035,0.420,16.513,0.453,47.098,-0.026,-0.072,-0.991,0.003,0.042,0.461,-0.27,4.65
98112,24.42,0.000,F,0.00,0.00,47.50000000,-122.50000000,E,40.938,43.511,136.554,0.017,-0.084,-0.994,-0.008,-0.047,0.472,16.228,1.968,47.274,0.011,-0.091,-1.002,-0.002,0.030,0.513,-0.22,4.64
98221,28.49,0.000,F,0.00,0.00,47.50000000,-122.50000000,E,40.529,44.227,136.787,-0.005,-0.038,-0.997,-0.005,-0.039,0.460,15.831,2.704,47.519,-0.011,-0.045,-1.005,0.002,0.038,0.501,-0.21,4.54
98329,31.67,0.000,F,0.00,0.00,47.50000000,-122.50000000,E,40.968,45.265,137.036,-0.012,-0.044,-0.994,-0.003,-0.038,0.391,16.253,3.770,47.777,-0.019,-0.051,-1.002,0.003,0.038,0.432,-0.27,4.30
98429,34.46,0.000,F,0.00,0.00,47.50000000,-122.50000000,E,40.061,45.820,137.080,-0.005,-0.040,-0.997,-0.007,-0.038,0.329,15.377,4.340,47.830,-0.012,-0.047,-1.004,-0.001,0.039,0.370,-0.24,4.14
98529,36.66,0.000,F,0.00,0.00,47.50000000,-122.50000000,E,40.047,46.244,136.700,0.005,-0.058,-0.997,-0.009,-0.048,0.245,15.364,4.772,47.449,-0.002,-0.065,-1.004,-0.002,0.029,0.286,-0.25,3.98
98637,38.95,0.000,F,0.00,0.00,47.50000000,-122.50000000,E,39.711,46.551,136.846,-0.005,-0.057,-0.998,-0.009,-0.044,0.223,15.038,5.088,47.601,-0.011,-0.064,-1.006,-0.002,0.033,0.264,-0.27,3.93
98742,41.02,0.000,F,0.00,0.00,47.50000000,-122.50000000,E,39.272,47.530,137.138,-0.006,-0.055,-0.993,-0.008,-0.053,0.168,14.612,6.094,47.907,-0.012,-0.062,-1.000,-0.001,0.023,0.209,-0.28,3.87
98850,43.09,0.000,F,0.00,0.00,47.50000000,-122.50000000,E,39.418,47.691,137.664,0.008,-0.073,-0.995,-0.009,-0.058,0.174,14.751,6.264,48.439,0.001,-0.080,-1.002,-0.003,0.019,0.215,-0.23,3.89
98952,45.07,0.000,F,0.00,0.00,47.50000000,-122.50000000,E,39.360,47.910,136.539,-0.023,-0.034,-0.998,-0.008,-0.043,0.170,14.699,6.479,47.304,-0.029,-0.041,-1.005,-0.002,0.034,0.211,-0.19,3.89
99060,46.16,0.000,F,0.00,0.00,47.50000000,-122.50000000,E,39.155,48.422,137.021,0.001,-0.045,-1.008,-0.007,-0.060,0.067,14.499,7.007,47.797,-0.005,-0.052,-1.015,-0.001,0.016,0.109,-0.22,3.72
99168,46.35,0.000,F,0.00,0.00,47.50000000,-122.50000000,E,39.389,47.910,136.802,-0.039,-0.105,-0.963,-0.007,-0.073,-0.037,14.726,6.481,47.570,-0.045,-0.113,-0.971,-0.001,0.004,0.004,-0.27,3.53
99276,47.14,0.000,F,0.00,0.00,47.50000000,-122.50000000,E,39.184,48.568,137.533,-0.088,-0.067,-0.936,0.002,-0.016,-0.037,14.525,7.162,48.315,-0.095,-0.074,-0.943,0.008,0.061,0.005,-0.34,3.65
99384,47.75,0.000,F,0.00,0.00,47.50000000,-122.50000000,E,38.980,48.728,137.606,0.090,-0.062,-1.003,-0.008,-0.034,-0.047,14.327,7.327,48.391,0.083,-0.069,-1.010,-0.002,0.042,-0.006,-0.29,3.75
99493,48.33,0.000,F,0.00,0.00,47.50000000,-122.50000000,E,38.512,48.495,137.007,-0.013,-0.048,-1.009,-0.016,-0.055,-0.029,13.877,7.083,47.786,-0.019,-0.056,-1.016,-0.010,0.022,0.012,-0.28,3.78
99602,48.85,0.000,F,0.00,0.00,47.50000000,-122.50000000,E,38.790,49.211,137.051,-0.015,-0.055,-0.998,-0.001,-0.029,-0.038,14.145,7.817,47.835,-0.021,-0.062,-1.005,0.006,0.048,0.003,-0.21,3.76
99706,49.47,0.000,F,0.00,0.00,47.50000000,-122.50000000,E,38.878,48.056,137.328,0.115,-0.187,-1.019,-0.015,-0.037,-0.015,14.229,6.636,48.105,0.108,-0.194,-1.027,-0.008,0.039,0.026,0.17,3.92
99815,50.87,0.000,F,0.00,0.00,47.50000000,-122.50000000,E,38.337,48.246,137.811,0.083,-0.130,-0.970,-0.013,-0.058,0.205,13.704,6.835,48.596,0.077,-0.137,-0.977,-0.006,0.019,0.246,0.65,4.29
99924,53.82,0.000,F,0.00,0.00,47.50000000,-122.50000000,E,37.971,49.182,137.752,-0.015,-0.083,-0.998,-0.016,-0.014,0.507,13.351,7.794,48.547,-0.021,-0.090,-1.005,-0.009,0.063,0.548,1.05,4.67
100032,57.98,0.000,F,0.00,0.00,47.50000000,-122.50000000,E,36.919,50.555,136.758,0.019,-0.061,-0.999,-0.017,-0.004,0.620,12.337,9.194,47.559,0.012,-0.068,-1.007,-0.011,0.072,0.661,1.10,4.69
100140,62.36,0.000,F,0.00,0.00,47.50000000,-122.50000000,E,36.787,51.491,137.694,0.055,-0.078,-0.995,-0.012,-0.009,0.717,12.205,10.162,48.513,0.049,-0.085,-1.003,-0.006,0.067,0.758,1.24,4.67
100248,67.22,0.000,F,0.00,0.00,47.50000000,-122.50000000,E,35.048,52.324,137.752,0.101,-0.062,-0.992,-0.015,0.008,0.806,10.523,11.017,48.587,0.095,-0.069,-1.000,-0.009,0.084,0.847,1.46,4.71
100356,72.45,0.000,F,0.00,0.00,47.50000000,-122.50000000,E,33.996,53.069,137.314,0.112,-0.044,-0.996,0.001,-0.013,0.910,9.507,11.779,48.155,0.106,-0.051,-1.003,0.007,0.064,0.951,1.60,4.76
100464,78.52,0.000,F,0.00,0.00,47.50000000,-122.50000000,E,30.400,54.560,137.284,0.093,-0.029,-1.074,-0.003,-0.006,0.985,6.030,13.309,48.154,0.086,-0.036,-1.081,0.003,0.071,1.026,1.55,4.85
100572,84.97,0.000,F,0.00,0.00,47.50000000,-122.50000000,E,29.246,56.212,136.802,-0.024,-0.045,-0.799,0.002,-0.026,0.937,4.915,14.999,47.686,-0.031,-0.052,-0.807,0.008,0.051,0.979,1.52,4.76
100681,89.82,0.000,F,0.00,0.00,47.50000000,-122.50000000,E,27.243,56.767,136.729,0.075,0.026,-0.993,-0.007,0.041,0.786,2.979,15.570,47.626,0.068,0.019,-1.000,-0.000,0.117,0.827,1.87,4.31
100786,93.67,0.000,F,0.00,0.00,47.50000000,-122.50000000,E,25.212,57.001,136.773,0.038,0.004,-1.003,-0.018,-0.007,0.715,1.015,15.811,47.681,0.032,-0.003,-1.011,-0.012,0.069,0.756,2.46,3.93
100895,97.86,0.000,F,0.00,0.00,47.50000000,-122.50000000,E,24.028,56.855,136.948,0.107,-0.049,-0.996,-0.019,0.005,0.726,-0.130,15.664,47.862,0.100,-0.056,-1.004,-0.013,0.082,0.767,2.87,3.93
101003,102.54,0.000,F,0.00,0.00,47.50000000,-122.50000000,E,21.938,57.322,136.627,0.057,-0.063,-0.996,-0.029,-0.001,0.862,-2.149,16.142,47.550,0.051,-0.071,-1.004,-0.023,0.076,0.903,3.27,4.06
101112,108.86,0.000,F,0.00,0.00,47.50000000,-122.50000000,E,20.374,56.562,136.861,0.047,-0.044,-0.988,-0.028,0.013,0.917,-3.661,15.366,47.787,0.040,-0.051,-0.995,-0.021,0.090,0.958,3.21,4.19
101220,115.21,0.000,F,0.00,0.00,47.50000000,-122.50000000,E,18.416,56.665,137.138,0.061,-0.029,-1.006,-0.033,0.020,0.963,-5.556,15.475,48.077,0.054,-0.036,-1.014,-0.027,0.097,1.004,3.22,4.24
101321,122.69,0.000,F,0.00,0.00,47.50000000,-122.50000000,E,16.004,56.065,136.349,-0.026,0.017,-1.034,-0.031,0.031,0.904,-7.883,14.856,47.284,-0.032,0.010,-1.041,-0.025,0.108,0.945,2.77,4.02
101429,129.25,0.000,F,0.00,0.00,47.50000000,-122.50000000,E,14.645,55.379,136.334,-0.138,0.025,-0.982,-0.019,-0.029,0.668,-9.196,14.153,47.270,-0.145,0.018,-0.990,-0.012,0.048,0.709,2.41,3.80
101537,134.11,0.000,F,0.00,0.00,47.50000000,-122.50000000,E,13.066,54.429,136.042,-0.079,-0.085,-0.990,-0.022,-0.034,0.455,-10.720,13.178,46.973,-0.086,-0.092,-0.998,-0.016,0.043,0.496,1.82,3.99
101645,137.51,0.000,F,0.00,0.00,47.50000000,-122.50000000,E,11.868,54.195,135.706,0.045,-0.107,-0.996,-0.021,-0.030,0.463,-11.877,12.936,46.636,0.038,-0.114,-1.004,-0.015,0.046,0.504,1.65,4.24
101751,140.61,0.000,F,0.00,0.00,47.50000000,-122.50000000,E,10.538,52.441,135.457,0.087,-0.063,-1.016,-0.015,-0.021,0.598,-13.160,11.137,46.376,0.080,-0.070,-1.024,-0.009,0.055,0.640,1.90,4.42
101859,144.34,0.000,F,0.00,0.00,47.50000000,-122.50000000,E,9.032,51.447,135.297,0.136,-0.055,-0.984,-0.031,-0.022,0.631,-14.614,10.118,46.212,0.129,-0.062,-0.992,-0.025,0.055,0.672,2.27,4.44
101967,148.80,0.000,F,0.00,0.00,47.50000000,-122.50000000,E,8.126,50.804,136.071,0.058,-0.061,-0.960,-0.021,-0.010,0.718,-15.492,9.466,46.993,0.051,-0.068,-0.967,-0.014,0.067,0.759,2.49,4.43
102075,154.10,0.000,F,0.00,0.00,47.50000000,-122.50000000,E,6.811,49.942,135.662,0.067,-0.018,-1.017,-0.027,0.051,0.761,-16.761,8.580,46.577,0.061,-0.025,-1.024,-0.021,0.128,0.802,2.49,4.42
102183,159.76,0.000,F,0.00,0.00,47.50000000,-122.50000000,E,6.226,48.363,135.516,0.049,-0.044,-0.990,-0.025,0.015,0.779,-17.325,6.961,46.419,0.042,-0.051,-0.997,-0.018,0.091,0.821,2.39,4.37
102291,165.44,0.000,F,0.00,0.00,47.50000000,-122.50000000,E,5.612,46.931,135.238,0.069,-0.075,-0.973,-0.020,0.006,0.863,-17.916,5.491,46.128,0.062,-0.082,-0.980,-0.014,0.083,0.904,2.33,4.43
102400,171.84,0.000,F,0.00,0.00,47.50000000,-122.50000000,E,4.370,44.855,134.975,0.091,-0.054,-0.991,-0.019,-0.019,1.014,-19.114,3.362,45.850,0.085,-0.061,-0.999,-0.013,0.058,1.055,2.52,4.52
102508,179.25,0.000,F,0.00,0.00,47.50000000,-122.50000000,E,3.464,42.765,135.881,0.029,-0.050,-1.005,-0.025,0.002,1.086,-19.992,1.228,46.751,0.023,-0.057,-1.012,-0.019,0.079,1.127,2.68,4.52
102616,186.87,0.000,F,0.00,0.00,47.50000000,-122.50000000,E,3.771,40.924,134.990,0.005,-0.049,-0.990,-0.037,0.039,1.079,-19.690,-0.668,45.833,-0.001,-0.056,-0.997,-0.030,0.116,1.120,2.64,4.53
102720,194.07,0.000,F,0.00,0.00,47.50000000,-122.50000000,E,3.785,38.585,134.405,0.009,-0.117,-1.075,-0.048,0.000,1.031,-19.671,-3.070,45.222,0.002,-0.124,-1.082,-0.042,0.077,1.072,2.36,4.51
102829,201.66,0.000,F,0.00,0.00,47.50000000,-122.50000000,E,3.435,36.407,135.253,0.010,-0.014,-1.000,-0.032,0.024,0.967,-20.012,-5.295,46.062,0.003,-0.021,-1.008,-0.026,0.100,1.008,2.11,4.34
102937,208.28,0.000,F,0.00,0.00,47.50000000,-122.50000000,E,5.028,32.695,134.990,0.008,-0.030,-0.989,-0.033,0.023,0.852,-18.468,-9.104,45.757,0.002,-0.037,-0.997,-0.026,0.099,0.894,2.06,4.16
103046,214.21,0.000,F,0.00,0.00,47.50000000,-122.50000000,E,5.174,30.912,134.551,0.038,-0.055,-0.985,-0.038,-0.017,0.800,-18.324,-10.936,45.298,0.032,-0.062,-0.993,-0.031,0.060,0.841,2.22,4.15
103154,219.60,0.000,F,0.00,0.00,47.50000000,-122.50000000,E,6.475,29.757,134.434,0.042,-0.081,-0.990,-0.036,-0.008,0.786,-17.065,-12.121,45.164,0.036,-0.088,-0.997,-0.030,0.069,0.827,2.12,4.19
103262,225.64,0.000,F,0.00,0.00,47.50000000,-122.50000000,E,7.337,28.500,134.931,0.068,-0.065,-0.995,-0.036,0.004,0.912,-16.233,-13.406,45.651,0.061,-0.072,-1.002,-0.029,0.080,0.953,2.33,4.31
103371,232.47,0.000,F,0.00,0.00,47.50000000,-122.50000000,E,8.930,26.834,134.098,0.094,-0.101,-0.990,-0.035,0.026,1.048,-14.688,-15.123,44.788,0.087,-0.108,-0.998,-0.029,0.102,1.089,2.51,4.54
103479,240.35,0.000,F,0.00,0.00,47.50000000,-122.50000000,E,10.552,25.694,133.967,0.018,-0.071,-0.987,-0.042,0.024,1.181,-13.118,-16.294,44.639,0.011,-0.078,-0.995,-0.036,0.100,1.222,2.52,4.66
103582,247.31,0.000,F,0.00,0.00,47.50000000,-122.50000000,E,12.613,24.452,134.990,0.066,-0.044,-1.155,-0.043,-0.101,1.188,-11.129,-17.560,45.652,0.060,-0.051,-1.162,-0.037,-0.024,1.230,1.87,5.10
103690,252.98,0.000,F,0.00,0.00,47.50000000,-122.50000000,E,15.244,23.180,135.048,-0.213,-0.005,-0.962,-0.040,-0.189,0.770,-8.586,-18.865,45.689,-0.220,-0.011,-0.970,-0.034,-0.112,0.811,0.25,4.42
103795,256.76,0.000,F,0.00,0.00,47.50000000,-122.50000000,E,17.319,23.020,134.800,-0.288,0.028,-0.990,-0.014,-0.254,0.430,-6.578,-19.034,45.428,-0.295,0.022,-0.997,-0.008,-0.178,0.471,-0.22,3.10
103903,258.61,0.000,F,0.00,0.00,47.50000000,-122.50000000,E,17.948,22.742,134.946,0.217,-0.026,-0.988,0.002,-0.079,-0.062,-5.971,-19.318,45.570,0.210,-0.033,-0.995,0.009,-0.002,-0.021,-0.49,2.39
104011,259.20,0.000,F,0.00,0.00,47.50000000,-122.50000000,E,18.869,23.458,135.004,0.025,-0.079,-0.987,0.015,-0.105,-0.037,-5.082,-18.584,45.631,0.018,-0.087,-0.994,0.021,-0.028,0.004,-0.74,2.68
104120,259.11,0.000,F,0.00,0.00,47.50000000,-122.50000000,E,19.351,23.005,134.654,-0.101,-0.153,-0.922,-0.007,-0.091,-0.035,-4.614,-19.052,45.271,-0.108,-0.160,-0.929,-0.000,-0.014,0.006,-1.10,3.09
104228,259.20,0.000,F,0.00,0.00,47.50000000,-122.50000000,E,18.693,23.268,135.516,0.010,-0.056,-0.996,-0.063,0.035,-0.041,-5.254,-18.774,46.147,0.004,-0.063,-1.004,-0.057,0.112,0.001,-0.96,3.11
104336,260.78,0.000,F,0.00,0.00,47.50000000,-122.50000000,E,19.614,23.049,134.464,0.004,-0.081,-1.014,-0.008,-0.057,-0.011,-4.359,-19.009,45.078,-0.003,-0.088,-1.022,-0.002,0.020,0.030,-0.65,2.82
104444,265.07,0.000,F,0.00,0.00,47.50000000,-122.50000000,E,19.468,22.654,135.107,0.048,-0.222,-0.950,0.023,-0.063,0.400,-4.502,-19.408,45.725,0.041,-0.229,-0.957,0.030,0.013,0.441,0.40,3.45
104544,267.15,0.000,F,0.00,0.00,47.50000000,-122.50000000,E,20.725,22.508,134.887,0.106,-0.190,-0.971,-0.126,0.109,0.681,-3.286,-19.560,45.497,0.099,-0.197,-0.978,-0.120,0.186,0.722,0.30,4.13
104644,275.65,0.000,F,0.00,0.00,47.50000000,-122.50000000,E,22.245,22.859,134.741,0.095,-0.017,-1.111,-0.013,0.061,1.207,-1.817,-19.203,45.346,0.088,-0.024,-1.118,-0.006,0.138,1.248,1.07,3.79
104749,285.62,0.000,F,0.00,0.00,47.50000000,-122.50000000,E,24.788,22.873,135.165,-0.390,-0.153,-0.510,0.123,-0.146,1.461,0.640,-19.187,45.763,-0.397,-0.161,-0.519,0.130,-0.069,1.502,0.79,3.30
104858,296.29,0.000,F,0.00,0.00,47.50000000,-122.50000000,E,28.442,22.888,135.165,0.063,0.056,-1.043,0.002,0.047,1.355,4.172,-19.175,45.747,0.056,0.049,-1.051,0.008,0.124,1.396,1.96,2.28
104966,305.44,0.000,F,0.00,0.00,47.50000000,-122.50000000,E,30.430,23.984,135.808,0.002,0.024,-1.125,-0.032,0.062,1.257,6.089,-18.047,46.398,-0.005,0.017,-1.132,-0.025,0.138,1.298,2.52,2.12
105074,313.23,0.000,F,0.00,0.00,47.50000000,-122.50000000,E,33.587,25.840,135.969,-0.112,-0.100,-0.896,0.026,-0.068,1.118,9.139,-16.145,46.563,-0.119,-0.107,-0.904,0.033,0.009,1.159,2.34,2.36
105183,321.33,0.000,F,0.00,0.00,47.50000000,-122.50000000,E,34.975,26.703,135.647,-0.020,-0.056,-1.003,0.004,-0.009,1.100,10.482,-15.265,46.239,-0.027,-0.063,-1.010,0.010,0.067,1.141,2.26,2.89
105291,327.69,0.000,F,0.00,0.00,47.50000000,-122.50000000,E,36.378,27.901,135.984,-0.089,0.018,-0.964,-0.009,-0.054,0.924,11.835,-14.035,46.583,-0.095,0.011,-0.972,-0.003,0.023,0.965,1.89,2.93
105399,332.67,0.000,F,0.00,0.00,47.50000000,-122.50000000,E,39.184,30.970,136.130,-0.059,0.021,-0.938,-0.011,-0.078,0.709,14.545,-10.889,46.745,-0.066,0.014,-0.946,-0.005,-0.002,0.750,1.43,2.70
105507,336.73,0.000,F,0.00,0.00,47.50000000,-122.50000000,E,39.579,32.403,136.217,-0.011,0.015,-1.004,-0.001,-0.017,0.551,14.925,-9.421,46.845,-0.018,0.008,-1.012,0.006,0.060,0.592,1.27,2.40
105615,340.67,0.000,F,0.00,0.00,47.50000000,-122.50000000,E,40.383,32.914,136.261,0.070,-0.051,-0.999,0.001,-0.026,0.470,15.701,-8.897,46.890,0.064,-0.058,-1.007,0.007,0.050,0.511,1.22,2.34
105717,345.66,0.000,F,0.00,0.00,47.50000000,-122.50000000,E,40.485,33.397,137.007,0.020,-0.056,-1.037,-0.002,-0.006,0.566,15.797,-8.396,47.647,0.013,-0.063,-1.044,0.004,0.071,0.607,1.56,2.62
105820,350.42,0.000,F,0.00,0.00,47.50000000,-122.50000000,E,40.266,34.712,135.925,0.031,-0.037,-0.995,0.000,-0.021,0.567,15.588,-7.057,46.566,0.024,-0.044,-1.002,0.007,0.056,0.608,1.60,2.78
105928,354.67,0.000,F,0.00,0.00,47.50000000,-122.50000000,E,40.836,35.984,135.998,-0.015,-0.002,-1.003,-0.006,-0.028,0.591,16.138,-5.753,46.649,-0.021,-0.009,-1.011,-0.000,0.049,0.632,1.78,2.69
106036,359.80,0.000,F,0.00,0.00,47.50000000,-122.50000000,E,41.450,37.021,136.305,0.001,-0.005,-1.056,-0.012,-0.001,0.641,16.729,-4.687,46.965,-0.005,-0.012,-1.063,-0.006,0.076,0.682,2.00,2.87
106144,3.41,0.000,F,0.00,0.00,47.50000000,-122.50000000,E,41.377,38.220,136.305,-0.062,0.022,-0.996,-0.009,-0.017,0.522,16.658,-3.458,46.976,-0.068,0.015,-1.003,-0.003,0.060,0.563,1.54,2.68
106252,4.92,0.000,F,0.00,0.00,47.50000000,-122.50000000,E,41.377,39.199,136.787,-0.111,0.014,-0.989,-0.009,-0.051,0.270,16.655,-2.450,47.471,-0.117,0.008,-0.997,-0.003,0.026,0.311,0.92,2.09
106360,7.16,0.000,F,0.00,0.00,47.50000000,-122.50000000,E,41.479,40.412,136.378,-0.020,-0.038,-0.988,-0.010,-0.047,0.144,16.754,-1.210,47.068,-0.027,-0.045,-0.996,-0.004,0.030,0.185,0.53,2.10
106468,9.23,0.000,F,0.00,0.00,47.50000000,-122.50000000,E,41.377,40.646,135.998,0.040,-0.009,-1.020,-0.012,-0.051,0.133,16.657,-0.974,46.686,0.033,-0.016,-1.028,-0.005,0.026,0.175,0.57,2.08
106576,10.95,0.000,F,0.00,0.00,47.50000000,-122.50000000,E,41.201,40.588,136.890,0.060,-0.009,-0.994,-0.009,-0.054,0.172,16.484,-1.026,47.588,0.054,-0.016,-1.001,-0.002,0.023,0.213,0.83,1.98
106684,13.24,0.000,F,0.00,0.00,47.50000000,-122.50000000,E,41.581,41.581,136.714,-0.019,-0.034,-0.987,-0.011,-0.055,0.182,16.851,-0.009,47.417,-0.026,-0.041,-0.995,-0.004,0.021,0.223,0.89,2.00
106789,15.10,0.000,F,0.00,0.00,47.50000000,-122.50000000,E,40.851,41.874,136.904,-0.071,-0.043,-0.969,-0.010,-0.080,0.058,16.143,0.293,47.615,-0.078,-0.050,-0.977,-0.004,-0.003,0.099,0.44,2.06
106897,16.87,0.000,F,0.00,0.00,47.50000000,-122.50000000,E,41.070,42.122,137.036,0.018,-0.103,-0.987,-0.011,-0.055,0.016,16.355,0.549,47.749,0.011,-0.110,-0.995,-0.005,0.022,0.057,0.32,2.29
107005,19.12,0.000,F,0.00,0.00,47.50000000,-122.50000000,E,41.581,42.400,136.510,0.005,-0.088,-0.994,-0.008,-0.059,0.091,16.851,0.828,47.218,-0.002,-0.095,-1.001,-0.002,0.018,0.132,0.40,2.63
107113,22.26,0.000,F,0.00,0.00,47.50000000,-122.50000000,E,41.450,42.780,136.144,0.053,-0.127,-0.986,-0.009,-0.045,0.254,16.725,1.215,46.852,0.046,-0.134,-0.994,-0.002,0.032,0.295,0.74,3.15
107221,25.44,0.000,F,0.00,0.00,47.50000000,-122.50000000,E,41.552,43.291,136.744,0.019,-0.058,-0.993,-0.006,-0.044,0.345,16.821,1.744,47.462,0.012,-0.065,-1.000,0.000,0.032,0.386,0.99,3.40
107329,27.90,0.000,F,0.00,0.00,47.50000000,-122.50000000,E,41.158,43.993,136.364,-0.051,-0.009,-1.000,-0.006,-0.052,0.279,16.441,2.460,47.086,-0.058,-0.016,-1.007,0.001,0.024,0.320,0.69,3.27
107437,29.88,0.000,F,0.00,0.00,47.50000000,-122.50000000,E,40.792,44.665,136.890,-0.007,-0.057,-1.000,-0.011,-0.044,0.194,16.085,3.155,47.625,-0.013,-0.064,-1.008,-0.005,0.033,0.235,0.36,3.14
107545,31.74,0.000,F,0.00,0.00,47.50000000,-122.50000000,E,40.310,45.352,136.714,-0.101,-0.006,-0.997,-0.008,-0.059,0.112,15.619,3.858,47.455,-0.107,-0.013,-1.004,-0.002,0.018,0.154,-0.00,3.02
107653,33.95,0.000,F,0.00,0.00,47.50000000,-122.50000000,E,40.763,45.630,136.510,-0.103,-0.079,-0.988,-0.009,-0.066,0.016,16.057,4.140,47.249,-0.110,-0.086,-0.995,-0.002,0.010,0.057,-0.43,3.33
107759,36.67,0.000,F,0.00,0.00,47.50000000,-122.50000000,E,40.500,46.083,136.378,-0.154,-0.146,-0.943,-0.011,-0.079,-0.031,15.803,4.604,47.121,-0.161,-0.153,-0.951,-0.005,-0.003,0.010,-0.96,3.97
107867,36.73,0.000,F,0.00,0.00,47.50000000,-122.50000000,E,40.368,46.229,136.729,0.001,0.014,-1.071,-0.009,-0.064,-0.037,15.674,4.757,47.477,-0.005,0.008,-1.078,-0.003,0.013,0.004,-0.57,3.87
107975,37.44,0.000,F,0.00,0.00,47.50000000,-122.50000000,E,40.675,45.791,136.802,0.019,-0.040,-1.006,-0.012,-0.053,-0.039,15.971,4.308,47.546,0.012,-0.047,-1.013,-0.006,0.024,0.002,-0.54,3.92
108083,37.79,0.000,F,0.00,0.00,47.50000000,-122.50000000,E,40.354,45.908,136.656,-0.009,-0.059,-0.998,-0.012,-0.056,-0.034,15.661,4.426,47.401,-0.015,-0.066,-1.005,-0.006,0.021,0.007,-0.49,3.86
108185,38.00,0.000,F,0.00,0.00,47.50000000,-122.50000000,E,40.588,45.761,136.671,-0.008,-0.073,-0.990,-0.009,-0.066,-0.036,15.887,4.276,47.413,-0.014,-0.080,-0.998,-0.003,0.011,0.005,-0.43,3.79
108294,38.28,0.000,F,0.00,0.00,47.50000000,-122.50000000,E,40.514,45.776,136.612,-0.013,-0.069,-1.009,-0.009,-0.067,-0.034,15.817,4.291,47.355,-0.020,-0.076,-1.016,-0.002,0.010,0.007,-0.40,3.75
108402,38.44,0.000,F,0.00,0.00,47.50000000,-122.50000000,E,41.172,45.601,136.291,-0.005,-0.071,-1.001,-0.009,-0.054,-0.040,16.454,4.108,47.026,-0.011,-0.079,-1.009,-0.003,0.023,0.001,-0.49,3.71
108510,38.58,0.000,F,0.00,0.00,47.50000000,-122.50000000,E,41.084,45.586,136.583,-0.013,-0.071,-0.972,-0.009,-0.093,-0.030,16.368,4.096,47.321,-0.020,-0.078,-0.979,-0.003,-0.016,0.012,-0.41,3.70
108618,38.72,0.000,F,0.00,0.00,47.50000000,-122.50000000,E,40.894,45.645,135.691,-0.007,-0.066,-0.985,-0.010,-0.069,-0.034,16.188,4.148,46.422,-0.013,-0.074,-0.992,-0.004,0.008,0.007,-0.42,3.70
108726,38.80,0.000,F,0.00,0.00,47.50000000,-122.50000000,E,40.690,45.265,136.510,-0.007,-0.062,-0.986,-0.009,-0.064,-0.036,15.987,3.766,47.246,-0.013,-0.069,-0.994,-0.002,0.013,0.005,-0.38,3.68
108826,38.76,0.000,F,0.00,0.00,47.50000000,-122.50000000,E,41.114,45.206,136.407,-0.008,-0.053,-1.000,-0.010,-0.074,-0.037,16.397,3.704,47.141,-0.015,-0.060,-1.008,-0.003,0.003,0.004,-0.38,3.66
108926,38.83,0.000,F,0.00,0.00,47.50000000,-122.50000000,E,41.041,45.528,137.036,-0.008,-0.061,-0.991,-0.007,-0.075,-0.036,16.324,4.040,47.779,-0.015,-0.068,-0.999,-0.001,0.002,0.005,-0.35,3.65
109034,38.91,0.000,F,0.00,0.00,47.50000000,-122.50000000,E,41.260,45.688,136.232,-0.009,-0.061,-0.995,-0.008,-0.068,-0.039,16.539,4.197,46.967,-0.016,-0.068,-1.002,-0.001,0.009,0.002,-0.35,3.64
109142,39.03,0.000,F,0.00,0.00,47.50000000,-122.50000000,E,40.617,45.484,136.963,-0.006,-0.057,-0.994,-0.010,-0.066,-0.035,15.914,3.994,47.706,-0.013,-0.064,-1.001,-0.004,0.011,0.006,-0.35,3.62
109250,39.33,0.000,F,0.00,0.00,47.50000000,-122.50000000,E,40.763,45.864,136.583,-0.006,-0.055,-0.989,-0.009,-0.059,-0.036,16.057,4.380,47.325,-0.013,-0.062,-0.996,-0.002,0.017,0.005,-0.33,3.61
109358,39.47,0.000,F,0.00,0.00,47.50000000,-122.50000000,E,40.865,45.498,137.051,-0.003,-0.058,-0.998,-0.009,-0.072,-0.037,16.154,4.010,47.794,-0.009,-0.065,-1.005,-0.002,0.005,0.004,-0.30,3.60
109466,39.51,0.000,F,0.00,0.00,47.50000000,-122.50000000,E,40.734,45.381,136.451,-0.008,-0.059,-0.996,-0.010,-0.070,-0.035,16.030,3.885,47.188,-0.015,-0.066,-1.003,-0.004,0.007,0.006,-0.33,3.59
109574,39.57,0.000,F,0.00,0.00,47.50000000,-122.50000000,E,40.836,45.878,136.364,-0.007,-0.059,-0.987,-0.008,-0.073,-0.036,16.128,4.393,47.103,-0.014,-0.066,-0.994,-0.001,0.004,0.005,-0.33,3.59
109683,39.73,0.000,F,0.00,0.00,47.50000000,-122.50000000,E,40.602,45.995,136.437,-0.004,-0.059,-0.983,-0.009,-0.056,-0.037,15.902,4.514,47.179,-0.010,-0.066,-0.990,-0.003,0.021,0.004,-0.30,3.59
109790,39.77,0.000,F,0.00,0.00,47.50000000,-122.50000000,E,41.143,45.455,136.232,-0.005,-0.062,-0.992,-0.007,-0.074,-0.038,16.426,3.958,46.965,-0.012,-0.069,-1.000,-0.001,0.003,0.004,-0.28,3.59
109898,39.69,0.000,F,0.00,0.00,47.50000000,-122.50000000,E,41.538,45.528,135.984,-0.006,-0.055,-0.991,-0.007,-0.071,-0.038,16.808,4.030,46.713,-0.012,-0.062,-0.999,-0.001,0.006,0.003,-0.31,3.59
110006,39.73,0.000,F,0.00,0.00,47.50000000,-122.50000000,E,40.807,45.776,136.714,-0.006,-0.058,-0.989,-0.009,-0.067,-0.039,16.099,4.292,47.457,-0.013,-0.065,-0.996,-0.003,0.010,0.002,-0.28,3.58
110114,39.76,0.000,F,0.00,0.00,47.50000000,-122.50000000,E,40.938,45.528,136.714,-0.006,-0.058,-0.993,-0.009,-0.067,-0.038,16.226,4.037,47.454,-0.013,-0.065,-1.001,-0.003,0.010,0.004,-0.27,3.57
110222,39.82,0.000,F,0.00,0.00,47.50000000,-122.50000000,E,40.310,45.425,137.474,-0.005,-0.056,-0.996,-0.010,-0.064,-0.035,15.615,3.939,48.224,-0.012,-0.063,-1.003,-0.004,0.013,0.006,-0.25,3.56
110330,39.92,0.000,F,0.00,0.00,47.50000000,-122.50000000,E,40.763,45.791,136.890,-0.005,-0.055,-0.997,-0.007,-0.066,-0.039,16.056,4.308,47.634,-0.012,-0.062,-1.005,-0.001,0.011,0.002,-0.24,3.56
110433,39.93,0.000,F,0.00,0.00,47.50000000,-122.50000000,E,40.631,45.732,136.334,-0.006,-0.060,-0.993,-0.009,-0.064,-0.039,15.931,4.244,47.073,-0.012,-0.067,-1.000,-0.002,0.013,0.002,-0.25,3.56
110541,40.02,0.000,F,0.00,0.00,47.50000000,-122.50000000,E,40.398,45.557,136.787,-0.006,-0.059,-0.994,-0.009,-0.065,-0.036,15.703,4.068,47.531,-0.013,-0.066,-1.002,-0.003,0.012,0.005,-0.24,3.56
110649,40.03,0.000,F,0.00,0.00,47.50000000,-122.50000000,E,40.938,45.118,136.744,-0.005,-0.057,-0.996,-0.009,-0.066,-0.035,16.226,3.618,47.480,-0.012,-0.065,-1.003,-0.002,0.011,0.006,-0.25,3.56
110753,39.98,0.000,F,0.00,0.00,47.50000000,-122.50000000,E,40.427,45.805,136.934,-0.006,-0.058,-0.997,-0.011,-0.061,-0.036,15.730,4.324,47.680,-0.013,-0.065,-1.004,-0.005,0.015,0.005,-0.26,3.56
110862,40.12,0.000,F,0.00,0.00,47.50000000,-122.50000000,E,40.383,45.718,136.554,-0.007,-0.054,-0.995,-0.013,-0.055,-0.029,15.690,4.231,47.296,-0.014,-0.061,-1.002,-0.006,0.021,0.012,-0.23,3.55
110971,40.16,0.000,F,0.00,0.00,47.50000000,-122.50000000,E,40.704,45.586,136.758,-0.005,-0.054,-0.996,-0.008,-0.075,-0.037,16.000,4.097,47.500,-0.012,-0.061,-1.004,-0.001,0.002,0.004,-0.24,3.55
111079,40.14,0.000,F,0.00,0.00,47.50000000,-122.50000000,E,40.675,45.455,137.051,-0.007,-0.055,-0.994,-0.011,-0.067,-0.035,15.970,3.965,47.794,-0.013,-0.062,-1.001,-0.004,0.009,0.006,-0.24,3.55
111187,40.19,0.000,F,0.00,0.00,47.50000000,-122.50000000,E,40.456,45.718,136.714,-0.004,-0.051,-0.995,-0.009,-0.064,-0.037,15.760,4.232,47.458,-0.011,-0.058,-1.002,-0.002,0.013,0.005,-0.25,3.55
111295,40.29,0.000,F,0.00,0.00,47.50000000,-122.50000000,E,40.792,45.849,137.138,0.000,-0.058,-0.995,-0.009,-0.064,-0.036,16.083,4.370,47.886,-0.007,-0.065,-1.003,-0.003,0.013,0.005,-0.25,3.56
111403,40.25,0.000,F,0.00,0.00,47.50000000,-122.50000000,E,40.631,45.440,136.437,-0.008,-0.057,-0.995,-0.011,-0.062,-0.033,15.931,3.945,47.174,-0.014,-0.064,-1.002,-0.005,0.015,0.008,-0.23,3.55
111512,40.40,0.000,F,0.00,0.00,47.50000000,-122.50000000,E,40.134,45.820,136.773,-0.005,-0.061,-0.993,-0.008,-0.068,-0.038,15.449,4.338,47.519,-0.012,-0.068,-1.001,-0.001,0.009,0.004,-0.23,3.55
111620,40.48,0.000,F,0.00,0.00,47.50000000,-122.50000000,E,40.529,45.659,136.130,-0.005,-0.056,-0.995,-0.009,-0.073,-0.039,15.833,4.167,46.866,-0.012,-0.063,-1.003,-0.002,0.004,0.002,-0.23,3.55
111728,40.49,0.000,F,0.00,0.00,47.50000000,-122.50000000,E,40.734,45.805,135.852,-0.006,-0.059,-0.997,-0.010,-0.067,-0.034,16.032,4.314,46.586,-0.012,-0.066,-1.004,-0.004,0.009,0.007,-0.24,3.54
111833,40.51,0.000,F,0.00,0.00,47.50000000,-122.50000000,E,40.544,45.645,136.174,-0.005,-0.058,-0.995,-0.009,-0.071,-0.037,15.847,4.152,46.911,-0.012,-0.066,-1.002,-0.002,0.006,0.005,-0.27,3.55
111941,40.54,0.000,F,0.00,0.00,47.50000000,-122.50000000,E,40.880,45.908,136.671,-0.006,-0.057,-0.997,-0.012,-0.061,-0.033,16.169,4.426,47.413,-0.013,-0.064,-1.005,-0.006,0.015,0.009,-0.28,3.54
112049,40.63,0.000,F,0.00,0.00,47.50000000,-122.50000000,E,39.798,45.878,135.998,-0.005,-0.057,-0.997,-0.010,-0.067,-0.037,15.127,4.391,46.739,-0.012,-0.064,-1.004,-0.004,0.010,0.004,-0.29,3.55
112157,40.75,0.000,F,0.00,0.00,47.50000000,-122.50000000,E,40.734,45.849,135.940,-0.005,-0.057,-0.994,-0.009,-0.069,-0.037,16.031,4.360,46.675,-0.011,-0.064,-1.002,-0.002,0.008,0.004,-0.29,3.55
112265,40.73,0.000,F,0.00,0.00,47.50000000,-122.50000000,E,40.778,45.674,136.787,-0.007,-0.056,-0.996,-0.011,-0.062,-0.033,16.070,4.187,47.530,-0.014,-0.063,-1.003,-0.004,0.015,0.008,-0.28,3.54
112373,40.75,0.000,F,0.00,0.00,47.50000000,-122.50000000,E,40.778,45.937,136.261,-0.006,-0.052,-0.992,-0.010,-0.066,-0.035,16.072,4.453,47.001,-0.013,-0.059,-1.000,-0.004,0.011,0.006,-0.27,3.54
112481,40.85,0.000,F,0.00,0.00,47.50000000,-122.50000000,E,40.675,46.112,136.217,-0.004,-0.054,-0.994,-0.011,-0.063,-0.033,15.973,4.632,46.958,-0.011,-0.061,-1.001,-0.005,0.014,0.009,-0.27,3.54
112589,40.78,0.000,F,0.00,0.00,47.50000000,-122.50000000,E,40.953,45.571,136.203,-0.005,-0.055,-0.995,-0.011,-0.063,-0.034,16.242,4.077,46.938,-0.011,-0.062,-1.003,-0.005,0.014,0.007,-0.28,3.54
112693,40.76,0.000,F,0.00,0.00,47.50000000,-122.50000000,E,41.245,45.761,137.021,-0.006,-0.054,-0.996,-0.010,-0.065,-0.037,16.521,4.279,47.765,-0.012,-0.061,-1.004,-0.003,0.011,0.004,-0.27,3.56
112799,40.75,0.000,F,0.00,0.00,47.50000000,-122.50000000,E,40.851,45.484,137.299,-0.005,-0.056,-0.994,-0.010,-0.066,-0.037,16.139,3.997,48.045,-0.011,-0.063,-1.002,-0.004,0.011,0.004,-0.26,3.57
112907,40.65,0.000,F,0.00,0.00,47.50000000,-122.50000000,E,41.114,45.630,136.583,-0.008,-0.053,-0.996,-0.010,-0.065,-0.036,16.396,4.140,47.321,-0.015,-0.060,-1.003,-0.004,0.012,0.005,-0.29,3.56
113015,40.60,0.000,F,0.00,0.00,47.50000000,-122.50000000,E,40.485,45.820,136.934,-0.009,-0.056,-0.995,-0.011,-0.063,-0.034,15.787,4.339,47.680,-0.016,-0.063,-1.002,-0.005,0.013,0.007,-0.30,3.56
113123,40.66,0.000,F,0.00,0.00,47.50000000,-122.50000000,E,40.851,45.776,136.305,-0.010,-0.058,-0.999,-0.011,-0.063,-0.034,16.143,4.288,47.043,-0.016,-0.065,-1.006,-0.004,0.013,0.007,-0.28,3.55
113233,40.68,0.000,F,0.00,0.00,47.50000000,-122.50000000,E,40.865,46.039,136.700,-0.005,-0.058,-0.993,-0.007,-0.068,-0.038,16.155,4.561,47.444,-0.012,-0.065,-1.001,-0.001,0.008,0.003,-0.29,3.55
113341,40.73,0.000,F,0.00,0.00,47.50000000,-122.50000000,E,40.456,45.718,136.349,-0.006,-0.057,-0.991,-0.011,-0.062,-0.032,15.761,4.229,47.089,-0.013,-0.064,-0.998,-0.005,0.015,0.009,-0.28,3.55
113449,40.69,0.000,F,0.00,0.00,47.50000000,-122.50000000,E,40.266,45.235,136.992,-0.006,-0.058,-0.994,-0.009,-0.066,-0.036,15.575,3.740,47.735,-0.012,-0.066,-1.002,-0.002,0.010,0.005,-0.27,3.55
113557,40.65,0.000,F,0.00,0.00,47.50000000,-122.50000000,E,40.164,45.367,136.846,-0.006,-0.059,-0.994,-0.011,-0.063,-0.034,15.477,3.874,47.589,-0.013,-0.066,-1.001,-0.005,0.014,0.007,-0.26,3.54
113662,40.51,0.000,F,0.00,0.00,47.50000000,-122.50000000,E,40.675,45.118,136.890,-0.005,-0.054,-0.993,-0.009,-0.071,-0.035,15.971,3.619,47.629,-0.011,-0.062,-1.001,-0.003,0.006,0.006,-0.28,3.54
113777,40.38,0.000,F,0.00,0.00,47.50000000,-122.50000000,E,41.011,45.498,136.568,-0.007,-0.056,-0.993,-0.009,-0.064,-0.038,16.297,4.006,47.306,-0.013,-0.063,-1.001,-0.003,0.013,0.004,-0.28,3.53
113886,40.30,0.000,F,0.00,0.00,47.50000000,-122.50000000,E,40.500,45.235,136.276,-0.005,-0.056,-0.997,-0.010,-0.058,-0.035,15.804,3.734,47.011,-0.011,-0.063,-1.005,-0.004,0.018,0.006,-0.28,3.53
113994,40.18,0.000,F,0.00,0.00,47.50000000,-122.50000000,E,40.880,45.060,136.291,-0.006,-0.059,-0.998,-0.011,-0.067,-0.035,16.172,3.554,47.022,-0.013,-0.066,-1.006,-0.004,0.010,0.006,-0.28,3.54
114102,40.01,0.000,F,0.00,0.00,47.50000000,-122.50000000,E,40.251,45.045,136.597,-0.008,-0.059,-0.993,-0.009,-0.069,-0.036,15.563,3.542,47.335,-0.015,-0.066,-1.000,-0.002,0.008,0.005,-0.29,3.54
114211,39.93,0.000,F,0.00,0.00,47.50000000,-122.50000000,E,40.368,45.206,135.984,-0.006,-0.061,-0.996,-0.008,-0.069,-0.037,15.679,3.701,46.716,-0.013,-0.068,-1.004,-0.002,0.008,0.004,-0.31,3.54
114319,39.92,0.000,F,0.00,0.00,47.50000000,-122.50000000,E,40.222,45.440,136.627,-0.005,-0.056,-0.989,-0.009,-0.057,-0.037,15.534,3.947,47.368,-0.011,-0.063,-0.996,-0.003,0.019,0.004,-0.31,3.54
114427,39.99,0.000,F,0.00,0.00,47.50000000,-122.50000000,E,40.105,45.425,136.612,-0.009,-0.060,-0.995,-0.010,-0.062,-0.035,15.421,3.932,47.354,-0.015,-0.067,-1.003,-0.003,0.015,0.006,-0.29,3.55
114535,40.01,0.000,F,0.00,0.00,47.50000000,-122.50000000,E,40.412,45.440,136.203,-0.007,-0.057,-0.993,-0.008,-0.069,-0.039,15.720,3.943,46.939,-0.014,-0.064,-1.000,-0.001,0.008,0.002,-0.30,3.54
114643,40.09,0.000,F,0.00,0.00,47.50000000,-122.50000000,E,40.514,45.835,136.188,-0.008,-0.059,-0.994,-0.010,-0.070,-0.039,15.818,4.347,46.927,-0.015,-0.066,-1.002,-0.004,0.007,0.002,-0.30,3.55
114751,40.17,0.000,F,0.00,0.00,47.50000000,-122.50000000,E,40.690,45.732,136.393,0.005,-0.061,-0.989,-0.009,-0.067,-0.037,15.987,4.244,47.132,-0.002,-0.068,-0.997,-0.003,0.010,0.004,-0.30,3.55
114857,40.38,0.000,F,0.00,0.00,47.50000000,-122.50000000,E,40.500,46.331,136.130,-0.008,-0.060,-0.998,-0.009,-0.066,-0.038,15.804,4.856,46.872,-0.014,-0.067,-1.006,-0.003,0.011,0.003,-0.30,3.55
114965,40.49,0.000,F,0.00,0.00,47.50000000,-122.50000000,E,40.193,45.703,136.612,-0.007,-0.061,-0.994,-0.010,-0.062,-0.036,15.506,4.216,47.356,-0.013,-0.068,-1.001,-0.003,0.015,0.005,-0.29,3.55
115073,40.52,0.000,F,0.00,0.00,47.50000000,-122.50000000,E,39.944,45.659,136.846,-0.005,-0.061,-0.995,-0.010,-0.064,-0.036,15.265,4.174,47.593,-0.012,-0.068,-1.003,-0.003,0.013,0.005,-0.29,3.55
115181,40.63,0.000,F,0.00,0.00,47.50000000,-122.50000000,E,40.178,45.732,136.349,-0.005,-0.058,-0.995,-0.008,-0.069,-0.038,15.493,4.244,47.090,-0.012,-0.065,-1.003,-0.002,0.007,0.003,-0.29,3.55
115289,40.71,0.000,F,0.00,0.00,47.50000000,-122.50000000,E,40.880,46.039,136.568,-0.006,-0.056,-0.996,-0.011,-0.055,-0.035,16.170,4.560,47.311,-0.013,-0.063,-1.004,-0.004,0.022,0.006,-0.25,3.54
115398,40.76,0.000,F,0.00,0.00,47.50000000,-122.50000000,E,40.076,45.513,137.211,-0.007,-0.057,-0.996,-0.009,-0.075,-0.035,15.390,4.027,47.960,-0.013,-0.065,-1.004,-0.002,0.002,0.006,-0.27,3.54
115506,40.81,0.000,F,0.00,0.00,47.50000000,-122.50000000,E,40.704,45.791,137.094,-0.009,-0.052,-0.997,-0.010,-0.060,-0.038,15.998,4.310,47.841,-0.016,-0.060,-1.005,-0.003,0.017,0.003,-0.34,3.54
115614,40.85,0.000,F,0.00,0.00,47.50000000,-122.50000000,E,40.704,46.025,136.627,-0.007,-0.051,-0.995,-0.009,-0.069,-0.037,16.000,4.546,47.371,-0.014,-0.058,-1.003,-0.002,0.007,0.004,-0.28,3.54
115723,40.84,0.000,F,0.00,0.00,47.50000000,-122.50000000,E,40.792,45.659,136.188,-0.008,-0.055,-0.993,-0.011,-0.052,-0.036,16.087,4.167,46.924,-0.015,-0.062,-1.001,-0.004,0.024,0.005,-0.26,3.54
115828,40.84,0.000,F,0.00,0.00,47.50000000,-122.50000000,E,40.690,45.937,136.977,-0.011,-0.060,-0.993,-0.009,-0.069,-0.034,15.984,4.459,47.725,-0.017,-0.068,-1.001,-0.002,0.008,0.007,-0.23,3.53
115936,40.84,0.000,F,0.00,0.00,47.50000000,-122.50000000,E,40.734,45.761,136.890,-0.008,-0.055,-0.992,-0.011,-0.063,-0.032,16.027,4.278,47.634,-0.014,-0.062,-1.000,-0.005,0.013,0.009,-0.23,3.52
116056,40.75,0.000,F,0.00,0.00,47.50000000,-122.50000000,E,40.251,45.571,136.846,-0.004,-0.054,-0.996,-0.010,-0.070,-0.037,15.561,4.083,47.590,-0.011,-0.061,-1.003,-0.004,0.007,0.004,-0.24,3.50
116164,40.78,0.000,F,0.00,0.00,47.50000000,-122.50000000,E,40.514,45.732,136.919,-0.008,-0.056,-0.995,-0.010,-0.066,-0.035,15.815,4.249,47.665,-0.015,-0.063,-1.002,-0.004,0.011,0.006,-0.25,3.50
116272,40.81,0.000,F,0.00,0.00,47.50000000,-122.50000000,E,40.281,45.747,136.758,-0.005,-0.057,-0.997,-0.009,-0.067,-0.036,15.590,4.263,47.503,-0.011,-0.064,-1.004,-0.003,0.010,0.005,-0.26,3.50
116380,40.88,0.000,F,0.00,0.00,47.50000000,-122.50000000,E,40.675,46.025,136.378,-0.006,-0.058,-0.995,-0.009,-0.078,-0.031,15.973,4.544,47.120,-0.013,-0.065,-1.002,-0.003,-0.001,0.010,-0.30,3.51
116488,40.94,0.000,F,0.00,0.00,47.50000000,-122.50000000,E,40.865,45.908,136.495,-0.006,-0.058,-0.986,-0.008,-0.055,-0.040,16.156,4.425,47.236,-0.013,-0.065,-0.993,-0.002,0.022,0.001,-0.33,3.51
116596,40.98,0.000,F,0.00,0.00,47.50000000,-122.50000000,E,40.471,45.922,136.919,0.001,-0.056,-0.993,-0.009,-0.059,-0.035,15.773,4.444,47.666,-0.005,-0.063,-1.001,-0.003,0.018,0.006,-0.28,3.52
116704,41.05,0.000,F,0.00,0.00,47.50000000,-122.50000000,E,40.281,45.776,137.007,-0.009,-0.053,-0.995,-0.010,-0.068,-0.035,15.589,4.295,47.755,-0.015,-0.060,-1.002,-0.003,0.009,0.006,-0.29,3.52
116809,40.96,0.000,F,0.00,0.00,47.50000000,-122.50000000,E,40.690,45.294,136.700,-0.004,-0.056,-0.995,-0.010,-0.058,-0.038,15.986,3.797,47.438,-0.011,-0.063,-1.003,-0.004,0.018,0.003,-0.27,3.52
116917,40.93,0.000,F,0.00,0.00,47.50000000,-122.50000000,E,40.295,45.703,136.276,-0.006,-0.057,-0.998,-0.011,-0.062,-0.033,15.606,4.213,47.015,-0.012,-0.064,-1.005,-0.005,0.014,0.008,-0.25,3.52
117025,40.86,0.000,F,0.00,0.00,47.50000000,-122.50000000,E,40.500,45.469,136.539,-0.004,-0.055,-0.996,-0.007,-0.067,-0.040,15.803,3.976,47.278,-0.011,-0.062,-1.003,-0.001,0.010,0.001,-0.25,3.53
117133,40.86,0.000,F,0.00,0.00,47.50000000,-122.50000000,E,40.354,45.601,137.080,-0.006,-0.057,-0.995,-0.008,-0.066,-0.037,15.659,4.115,47.827,-0.012,-0.064,-1.003,-0.002,0.010,0.004,-0.25,3.54
117241,40.81,0.000,F,0.00,0.00,47.50000000,-122.50000000,E,40.909,44.943,136.919,-0.005,-0.056,-0.995,-0.010,-0.066,-0.037,16.197,3.439,47.656,-0.012,-0.063,-1.002,-0.004,0.011,0.004,-0.25,3.53
117349,40.55,0.000,F,0.00,0.00,47.50000000,-122.50000000,E,40.778,45.761,137.372,-0.005,-0.054,-0.995,-0.010,-0.063,-0.033,16.068,4.282,48.121,-0.012,-0.061,-1.002,-0.004,0.014,0.008,-0.27,3.53
117457,40.57,0.000,F,0.00,0.00,47.50000000,-122.50000000,E,40.120,45.440,137.226,-0.006,-0.055,-0.993,-0.010,-0.065,-0.036,15.433,3.952,47.974,-0.013,-0.062,-1.000,-0.003,0.012,0.005,-0.28,3.53
117566,40.54,0.000,F,0.00,0.00,47.50000000,-122.50000000,E,40.558,45.162,136.963,-0.007,-0.056,-0.996,-0.010,-0.063,-0.035,15.858,3.665,47.704,-0.013,-0.063,-1.004,-0.003,0.014,0.006,-0.28,3.52
117674,40.47,0.000,F,0.00,0.00,47.50000000,-122.50000000,E,40.354,45.571,136.963,-0.005,-0.059,-0.998,-0.007,-0.064,-0.037,15.660,4.084,47.708,-0.011,-0.066,-1.006,-0.001,0.013,0.004,-0.28,3.53
117775,40.46,0.000,F,0.00,0.00,47.50000000,-122.50000000,E,40.704,45.469,136.641,-0.009,-0.061,-0.993,-0.009,-0.068,-0.037,16.000,3.976,47.381,-0.016,-0.068,-1.000,-0.003,0.008,0.004,-0.28,3.52
117875,40.49,0.000,F,0.00,0.00,47.50000000,-122.50000000,E,40.032,45.849,136.334,-0.006,-0.060,-0.994,-0.009,-0.070,-0.036,15.352,4.364,47.077,-0.012,-0.067,-1.002,-0.002,0.007,0.005,-0.27,3.52
117975,40.54,0.000,F,0.00,0.00,47.50000000,-122.50000000,E,40.763,45.586,136.671,-0.007,-0.059,-0.993,-0.008,-0.069,-0.037,16.057,4.097,47.411,-0.014,-0.066,-1.000,-0.002,0.008,0.004,-0.27,3.52
118083,40.62,0.000,F,0.00,0.00,47.50000000,-122.50000000,E,40.500,46.171,136.407,-0.007,-0.058,-0.991,-0.011,-0.064,-0.032,15.803,4.694,47.152,-0.014,-0.065,-0.998,-0.005,0.013,0.009,-0.28,3.52
118191,40.64,0.000,F,0.00,0.00,47.50000000,-122.50000000,E,40.821,45.557,137.094,-0.005,-0.058,-0.995,-0.007,-0.067,-0.038,16.111,4.070,47.839,-0.012,-0.065,-1.002,-0.001,0.009,0.003,-0.27,3.52
118292,40.61,0.000,F,0.00,0.00,47.50000000,-122.50000000,E,40.646,45.542,136.466,-0.005,-0.055,-0.996,-0.008,-0.063,-0.038,15.945,4.050,47.205,-0.011,-0.062,-1.003,-0.002,0.014,0.004,-0.27,3.52
118400,40.40,0.000,F,0.00,0.00,47.50000000,-122.50000000,E,40.968,45.001,136.977,-0.008,-0.057,-0.994,-0.011,-0.068,-0.034,16.254,3.500,47.715,-0.015,-0.064,-1.002,-0.005,0.009,0.008,-0.28,3.51
118508,40.23,0.000,F,0.00,0.00,47.50000000,-122.50000000,E,40.807,45.162,136.773,-0.005,-0.059,-0.991,-0.009,-0.071,-0.037,16.099,3.663,47.511,-0.012,-0.066,-0.998,-0.003,0.006,0.005,-0.28,3.52
118616,40.14,0.000,F,0.00,0.00,47.50000000,-122.50000000,E,40.938,45.352,137.094,-0.010,-0.060,-0.997,-0.010,-0.066,-0.037,16.225,3.860,47.837,-0.017,-0.067,-1.004,-0.004,0.011,0.005,-0.28,3.52
118724,40.18,0.000,F,0.00,0.00,47.50000000,-122.50000000,E,40.427,45.761,136.393,-0.006,-0.058,-0.992,-0.009,-0.068,-0.037,15.733,4.274,47.134,-0.013,-0.065,-1.000,-0.002,0.009,0.004,-0.28,3.51
118830,40.23,0.000,F,0.00,0.00,47.50000000,-122.50000000,E,40.704,45.162,136.656,-0.007,-0.058,-0.995,-0.009,-0.067,-0.037,16.001,3.662,47.393,-0.013,-0.065,-1.002,-0.002,0.010,0.004,-0.26,3.51
118938,40.18,0.000,F,0.00,0.00,47.50000000,-122.50000000,E,40.573,46.171,137.387,-0.007,-0.060,-0.990,-0.008,-0.071,-0.037,15.869,4.702,48.141,-0.014,-0.067,-0.998,-0.001,0.006,0.004,-0.27,3.52
119046,40.35,0.000,F,0.00,0.00,47.50000000,-122.50000000,E,40.558,45.615,136.027,-0.007,-0.058,-0.997,-0.009,-0.066,-0.038,15.862,4.121,46.763,-0.014,-0.066,-1.004,-0.002,0.010,0.003,-0.28,3.52
119154,40.35,0.000,F,0.00,0.00,47.50000000,-122.50000000,E,40.661,45.557,136.393,-0.009,-0.058,-0.990,-0.013,-0.063,-0.031,15.959,4.064,47.131,-0.016,-0.066,-0.997,-0.006,0.014,0.010,-0.29,3.52
119262,40.33,0.000,F,0.00,0.00,47.50000000,-122.50000000,E,40.704,45.484,136.700,-0.005,-0.059,-0.992,-0.012,-0.063,-0.031,16.000,3.992,47.440,-0.012,-0.066,-1.000,-0.006,0.014,0.010,-0.27,3.51
119370,40.33,0.000,F,0.00,0.00,47.50000000,-122.50000000,E,40.237,45.557,136.787,-0.007,-0.059,-0.998,-0.011,-0.066,-0.035,15.548,4.068,47.531,-0.013,-0.066,-1.006,-0.005,0.011,0.006,-0.29,3.51
119478,40.35,0.000,F,0.00,0.00,47.50000000,-122.50000000,E,40.383,45.425,137.153,-0.008,-0.056,-0.994,-0.009,-0.068,-0.037,15.687,3.936,47.899,-0.015,-0.063,-1.002,-0.002,0.008,0.004,-0.30,3.51
119586,40.43,0.000,F,0.00,0.00,47.50000000,-122.50000000,E,40.047,45.645,136.393,-0.006,-0.060,-0.993,-0.011,-0.066,-0.034,15.366,4.155,47.134,-0.013,-0.067,-1.001,-0.004,0.011,0.008,-0.29,3.52
119695,40.62,0.000,F,0.00,0.00,47.50000000,-122.50000000,E,40.398,46.098,136.758,-0.007,-0.062,-0.996,-0.009,-0.071,-0.037,15.703,4.622,47.506,-0.013,-0.069,-1.003,-0.002,0.006,0.004,-0.31,3.53
119799,40.62,0.000,F,0.00,0.00,47.50000000,-122.50000000,E,40.091,45.352,137.357,-0.009,-0.060,-0.995,-0.009,-0.066,-0.038,15.404,3.863,48.106,-0.015,-0.067,-1.002,-0.002,0.011,0.003,-0.31,3.53
119907,40.70,0.000,F,0.00,0.00,47.50000000,-122.50000000,E,40.544,46.025,136.919,-0.005,-0.057,-0.996,-0.010,-0.062,-0.036,15.843,4.548,47.667,-0.012,-0.064,-1.003,-0.003,0.014,0.005,-0.30,3.54
120015,40.82,0.000,F,0.00,0.00,47.50000000,-122.50000000,E,40.573,46.010,135.954,-0.005,-0.057,-0.994,-0.007,-0.068,-0.038,15.876,4.525,46.692,-0.011,-0.064,-1.002,-0.001,0.008,0.003,-0.30,3.54
120123,40.90,0.000,F,0.00,0.00,47.50000000,-122.50000000,E,40.354,45.703,137.007,-0.008,-0.057,-0.994,-0.010,-0.063,-0.037,15.660,4.220,47.754,-0.015,-0.065,-1.001,-0.004,0.013,0.005,-0.29,3.54
120231,41.01,0.000,F,0.00,0.00,47.50000000,-122.50000000,E,40.032,46.507,136.393,-0.003,-0.057,-0.994,-0.008,-0.068,-0.038,15.351,5.039,47.142,-0.010,-0.064,-1.002,-0.002,0.009,0.004,-0.29,3.54
120340,41.23,0.000,F,0.00,0.00,47.50000000,-122.50000000,E,40.398,45.820,137.124,-0.009,-0.057,-0.992,-0.010,-0.062,-0.034,15.701,4.340,47.873,-0.016,-0.064,-1.000,-0.004,0.015,0.008,-0.29,3.55
120448,41.26,0.000,F,0.00,0.00,47.50000000,-122.50000000,E,40.588,45.835,137.124,-0.008,-0.057,-0.992,-0.008,-0.067,-0.036,15.885,4.355,47.872,-0.014,-0.064,-1.000,-0.002,0.010,0.005,-0.28,3.55
120551,41.10,0.000,F,0.00,0.00,47.50000000,-122.50000000,E,40.778,45.469,136.291,-0.005,-0.056,-0.994,-0.009,-0.068,-0.035,16.073,3.973,47.026,-0.011,-0.063,-1.001,-0.003,0.009,0.006,-0.29,3.56
120660,40.99,0.000,F,0.00,0.00,47.50000000,-122.50000000,E,40.514,45.440,136.641,-0.007,-0.059,-0.988,-0.011,-0.069,-0.036,15.817,3.947,47.381,-0.014,-0.067,-0.996,-0.005,0.007,0.005,-0.30,3.56
120768,40.96,0.000,F,0.00,0.00,47.50000000,-122.50000000,E,40.719,45.805,136.568,-0.008,-0.059,-0.995,-0.008,-0.068,-0.037,16.015,4.320,47.310,-0.014,-0.066,-1.003,-0.002,0.009,0.005,-0.31,3.56
120872,40.88,0.000,F,0.00,0.00,47.50000000,-122.50000000,E,41.143,45.645,137.124,-0.007,-0.057,-0.995,-0.009,-0.067,-0.038,16.422,4.160,47.868,-0.013,-0.064,-1.002,-0.002,0.010,0.004,-0.31,3.56
120980,40.97,0.000,F,0.00,0.00,47.50000000,-122.50000000,E,40.719,46.171,136.729,-0.005,-0.060,-0.994,-0.010,-0.064,-0.036,16.014,4.696,47.475,-0.011,-0.067,-1.001,-0.004,0.013,0.005,-0.31,3.56
121088,41.01,0.000,F,0.00,0.00,47.50000000,-122.50000000,E,40.412,45.791,136.524,-0.012,-0.060,-0.993,-0.009,-0.064,-0.035,15.718,4.305,47.267,-0.018,-0.067,-1.001,-0.002,0.013,0.006,-0.31,3.55
121197,41.08,0.000,F,0.00,0.00,47.50000000,-122.50000000,E,40.105,45.966,136.627,-0.007,-0.059,-0.994,-0.007,-0.070,-0.038,15.421,4.486,47.373,-0.014,-0.066,-1.002,-0.001,0.006,0.003,-0.31,3.55
121305,41.17,0.000,F,0.00,0.00,47.50000000,-122.50000000,E,40.500,45.498,136.495,-0.006,-0.058,-0.995,-0.010,-0.065,-0.038,15.803,4.005,47.234,-0.013,-0.066,-1.002,-0.004,0.012,0.004,-0.30,3.55
121413,41.11,0.000,F,0.00,0.00,47.50000000,-122.50000000,E,40.383,45.820,136.364,-0.007,-0.058,-0.995,-0.011,-0.062,-0.034,15.691,4.334,47.105,-0.013,-0.065,-1.003,-0.005,0.015,0.007,-0.31,3.55
121522,41.14,0.000,F,0.00,0.00,47.50000000,-122.50000000,E,40.807,45.966,136.554,-0.007,-0.057,-0.995,-0.010,-0.065,-0.036,16.099,4.485,47.296,-0.014,-0.065,-1.002,-0.004,0.012,0.005,-0.31,3.55
121631,41.15,0.000,F,0.00,0.00,47.50000000,-122.50000000,E,40.894,46.098,135.896,-0.011,-0.054,-0.983,-0.008,-0.070,-0.037,16.187,4.614,46.632,-0.018,-0.061,-0.990,-0.002,0.007,0.004,-0.32,3.54
121739,41.09,0.000,F,0.00,0.00,47.50000000,-122.50000000,E,40.471,45.338,136.904,-0.005,-0.060,-0.997,-0.012,-0.060,-0.034,15.773,3.844,47.647,-0.012,-0.067,-1.004,-0.006,0.017,0.007,-0.32,3.54
121844,41.07,0.000,F,0.00,0.00,47.50000000,-122.50000000,E,40.500,45.878,136.144,-0.006,-0.058,-0.998,-0.009,-0.067,-0.035,15.804,4.392,46.883,-0.012,-0.065,-1.005,-0.002,0.010,0.006,-0.31,3.54
121952,41.01,0.000,F,0.00,0.00,47.50000000,-122.50000000,E,40.690,45.557,136.159,-0.006,-0.058,-0.994,-0.008,-0.066,-0.037,15.988,4.062,46.894,-0.013,-0.065,-1.002,-0.002,0.011,0.005,-0.31,3.54
122060,41.03,0.000,F,0.00,0.00,47.50000000,-122.50000000,E,40.441,45.761,137.299,-0.010,-0.057,-0.993,-0.013,-0.064,-0.034,15.743,4.282,48.049,-0.017,-0.064,-1.001,-0.006,0.013,0.007,-0.31,3.54
122168,41.10,0.000,F,0.00,0.00,47.50000000,-122.50000000,E,40.427,45.951,136.437,-0.003,-0.057,-0.996,-0.007,-0.067,-0.037,15.732,4.469,47.180,-0.009,-0.064,-1.003,-0.001,0.009,0.004,-0.30,3.53
122276,41.13,0.000,F,0.00,0.00,47.50000000,-122.50000000,E,40.602,45.294,136.378,-0.007,-0.057,-0.994,-0.007,-0.073,-0.040,15.903,3.794,47.114,-0.014,-0.064,-1.002,-0.001,0.004,0.001,-0.31,3.54
122385,41.00,0.000,F,0.00,0.00,47.50000000,-122.50000000,E,40.588,45.571,137.109,-0.007,-0.061,-0.994,-0.010,-0.063,-0.034,15.885,4.085,47.855,-0.014,-0.068,-1.001,-0.004,0.014,0.007,-0.31,3.54
122493,40.93,0.000,F,0.00,0.00,47.50000000,-122.50000000,E,40.295,45.352,136.846,-0.006,-0.057,-1.000,-0.010,-0.064,-0.037,15.604,3.859,47.588,-0.013,-0.064,-1.007,-0.003,0.012,0.004,-0.32,3.54
122602,40.85,0.000,F,0.00,0.00,47.50000000,-122.50000000,E,40.617,45.586,136.495,-0.009,-0.059,-0.997,-0.010,-0.068,-0.036,15.916,4.095,47.235,-0.016,-0.066,-1.004,-0.003,0.009,0.005,-0.32,3.54
122710,40.83,0.000,F,0.00,0.00,47.50000000,-122.50000000,E,40.383,45.776,136.583,-0.004,-0.055,-0.993,-0.009,-0.069,-0.038,15.690,4.291,47.326,-0.011,-0.062,-1.001,-0.003,0.008,0.003,-0.32,3.54
122818,40.79,0.000,F,0.00,0.00,47.50000000,-122.50000000,E,40.208,45.411,136.422,-0.006,-0.058,-0.994,-0.009,-0.068,-0.035,15.521,3.915,47.161,-0.013,-0.066,-1.002,-0.003,0.008,0.006,-0.32,3.54
122927,40.77,0.000,F,0.00,0.00,47.50000000,-122.50000000,E,40.003,45.381,137.167,-0.006,-0.057,-0.997,-0.008,-0.071,-0.031,15.320,3.892,47.915,-0.013,-0.064,-1.004,-0.001,0.006,0.010,-0.33,3.54
123035,40.77,0.000,F,0.00,0.00,47.50000000,-122.50000000,E,40.485,45.630,136.466,-0.007,-0.057,-0.993,-0.006,-0.074,-0.039,15.789,4.140,47.206,-0.014,-0.064,-1.001,-0.000,0.002,0.002,-0.34,3.54
123143,40.88,0.000,F,0.00,0.00,47.50000000,-122.50000000,E,40.076,45.893,136.729,-0.007,-0.058,-0.995,-0.010,-0.067,-0.036,15.392,4.412,47.476,-0.013,-0.065,-1.003,-0.004,0.010,0.005,-0.35,3.54
123251,40.85,0.000,F,0.00,0.00,47.50000000,-122.50000000,E,40.529,45.469,136.948,-0.008,-0.055,-1.003,-0.012,-0.055,-0.035,15.830,3.979,47.692,-0.014,-0.062,-1.011,-0.006,0.022,0.006,-0.35,3.54
123359,40.95,0.000,F,0.00,0.00,47.50000000,-122.50000000,E,40.193,45.747,137.036,-0.006,-0.058,-0.997,-0.009,-0.075,-0.034,15.504,4.265,47.784,-0.013,-0.065,-1.004,-0.002,0.002,0.007,-0.34,3.54
123468,40.85,0.000,F,0.00,0.00,47.50000000,-122.50000000,E,39.988,45.455,136.773,-0.020,-0.056,-0.991,-0.011,-0.060,-0.037,15.308,3.963,47.517,-0.027,-0.063,-0.999,-0.004,0.017,0.004,-0.38,3.54
123576,40.82,0.000,F,0.00,0.00,47.50000000,-122.50000000,E,40.514,45.075,136.583,-0.018,-0.055,-1.008,-0.007,-0.082,-0.039,15.817,3.572,47.319,-0.025,-0.062,-1.015,-0.001,-0.005,0.002,-0.36,3.55
123684,40.64,0.000,F,0.00,0.00,47.50000000,-122.50000000,E,40.061,45.104,136.700,-0.006,-0.061,-1.003,-0.013,-0.051,-0.033,15.379,3.603,47.440,-0.013,-0.068,-1.010,-0.006,0.026,0.008,-0.27,3.54
123792,40.53,0.000,F,0.00,0.00,47.50000000,-122.50000000,E,40.690,45.440,136.334,-0.000,-0.057,-1.006,-0.010,-0.071,-0.039,15.988,3.944,47.071,-0.007,-0.065,-1.013,-0.004,0.006,0.002,-0.26,3.54
123900,40.47,0.000,F,0.00,0.00,47.50000000,-122.50000000,E,40.704,45.513,137.343,0.000,-0.056,-1.002,-0.009,-0.073,-0.034,15.997,4.027,48.090,-0.006,-0.063,-1.010,-0.003,0.004,0.008,-0.28,3.54
124008,40.52,0.000,F,0.00,0.00,47.50000000,-122.50000000,E,40.266,45.747,137.065,-0.006,-0.059,-0.987,-0.007,-0.076,-0.039,15.575,4.265,47.813,-0.012,-0.067,-0.994,-0.001,0.001,0.002,-0.31,3.54
124116,40.44,0.000,F,0.00,0.00,47.50000000,-122.50000000,E,40.675,45.133,136.115,-0.014,-0.057,-0.984,-0.010,-0.070,-0.034,15.975,3.627,46.846,-0.020,-0.064,-0.991,-0.004,0.007,0.007,-0.32,3.54
124224,40.52,0.000,F,0.00,0.00,47.50000000,-122.50000000,E,40.266,45.995,136.890,-0.009,-0.055,-0.994,-0.010,-0.075,-0.035,15.575,4.518,47.638,-0.015,-0.062,-1.001,-0.004,0.002,0.006,-0.29,3.54
124332,40.62,0.000,F,0.00,0.00,47.50000000,-122.50000000,E,40.076,45.630,137.387,-0.005,-0.054,-0.996,-0.009,-0.069,-0.036,15.390,4.148,48.138,-0.011,-0.061,-1.003,-0.003,0.008,0.005,-0.32,3.54
124440,40.66,0.000,F,0.00,0.00,47.50000000,-122.50000000,E,40.514,45.645,137.197,-0.009,-0.057,-0.993,-0.012,-0.061,-0.034,15.814,4.161,47.944,-0.015,-0.064,-1.000,-0.006,0.016,0.008,-0.33,3.54
124549,40.72,0.000,F,0.00,0.00,47.50000000,-122.50000000,E,40.383,45.615,137.153,-0.010,-0.057,-0.996,-0.010,-0.072,-0.035,15.687,4.131,47.900,-0.017,-0.065,-1.003,-0.004,0.005,0.006,-0.36,3.54
124657,40.77,0.000,F,0.00,0.00,47.50000000,-122.50000000,E,40.690,45.805,137.548,-0.010,-0.057,-0.995,-0.012,-0.055,-0.035,15.982,4.329,48.299,-0.016,-0.065,-1.002,-0.006,0.022,0.006,-0.41,3.54
124765,40.81,0.000,F,0.00,0.00,47.50000000,-122.50000000,E,40.617,45.776,137.094,-0.003,-0.057,-1.006,-0.014,-0.058,-0.032,15.913,4.295,47.842,-0.010,-0.065,-1.013,-0.007,0.019,0.009,-0.34,3.54
124870,40.85,0.000,F,0.00,0.00,47.50000000,-122.50000000,E,40.032,45.557,137.664,-0.013,-0.054,-0.995,-0.010,-0.062,-0.035,15.346,4.076,48.418,-0.019,-0.061,-1.002,-0.004,0.015,0.006,-0.32,3.54
