mx,my,mz
47,2590,9893
41,2561,9948
66,2588,9892
38,2569,9897
58,2600,9959
86,2575,9899
71,2596,9919
53,2600,9935
44,2606,9903
64,2579,9883
57,2576,9921
57,2576,9906
58,2549,9906
69,2578,9939
50,2595,9939
23,2884,9869
82,3041,9954
61,3005,9910
75,2909,9918
85,2765,9922
44,2593,9858
30,2348,9876
70,2632,9889
45,2616,9914
4,2532,9928
-41,2563,9873
-169,2656,9856
-302,2744,9766
-505,2797,9683
-688,2778,9538
-1764,2489,8445
-1861,2485,8269
-1952,2485,8129
-2004,2494,8016
-2077,2491,7873
-2060,2468,7814
-2098,2464,7750
-2058,2452,7758
-2078,2473,7764
-2106,2474,7801
-2084,2482,7793
-2065,2478,7801
-2102,2476,7827
-2084,2473,7807
-2093,2478,7823
-2084,2680,7878
-2128,2750,7827
-2149,2869,7872
-2102,2955,7886
-2113,3113,7929
-2073,3207,8008
-2068,3303,8031
-2033,3395,8106
-1963,3452,8112
-1947,3496,8130
-1944,3595,8110
-1945,3562,8179
-1948,3507,8233
-1944,3437,8156
-1970,3358,8120
-1596,1817,8275
-1611,1786,8259
-1567,1736,8270
-1500,1701,8332
-1424,1633,8382
-1347,1654,8484
-1280,1645,8582
-1265,1610,8665
-1224,1495,8578
-1219,1454,8569
-1181,1428,8572
-1182,1423,8570
-1124,1408,8591
-1124,1408,8591
-1046,1393,8593
-1027,1407,8615
-972,1438,8796
-956,1487,8827
-907,1502,8859
-859,1473,8845
-860,1495,8871
-865,1502,8923
-859,1544,8946
-838,1606,8936
-838,1643,9048
-828,1643,9048
-739,1666,9078
-681,1712,9171
-614,1787,9244
-536,1856,9316
-498,1963,9383
-421,2070,9436
-375,2161,9501
-375,2161,9501
-380,2215,9517
-345,2331,9601
-260,2447,9650
-197,2613,9643
-132,2709,9689
-84,2769,9744
-21,2853,9777
-21,2853,9777
37,2910,9795
62,2923,9798
27,2810,9779
51,2810,9818
-42,2804,9763
-121,2804,9738
-176,2751,9685
-223,2644,9682
-223,2644,9682
-295,2617,9638
-271,2476,9632
-354,2447,9591
-372,2485,9617
-348,2570,9626
-324,2517,9602
-495,2192,9419
-587,2136,9391
-614,2064,9333
-678,1987,9259
-747,1975,9217
-830,2068,9181
-902,2067,9142
-1063,1869,8933
-1150,1779,8806
-1198,1705,8733
-1640,1982,8240
-1671,1988,8255
-295,3487,9639
-230,3656,9604
-253,3517,9645
-275,3515,9643
-342,3536,9587
-412,3621,9550
-476,3564,9466
-491,3503,9507
-444,3529,9494
-429,3545,9532
-377,3493,9540
-400,3522,9527
-400,3522,9511
-413,3627,9511
-464,3642,9463
-449,3689,9459
-528,3626,9378
-600,3696,9319
-600,3696,9319
-726,3756,9337
-742,3766,9279
-780,3787,9299
-760,3763,9260
-807,3798,9185
-807,3794,9168
-836,3794,9168
-894,3848,9133
-915,3852,9107
-951,3873,9153
-943,3894,9086
-1003,3905,9064
-998,3923,9037
-1043,3987,9033
-1054,4074,8929
-1104,4039,8951
-1135,4009,8947
-1160,4033,8888
-1187,3991,8876
-1174,4001,8903
-1181,4027,8871
-1178,4009,8898
-1204,4025,8854
-1159,4062,8905
-1122,4103,8899
-1085,4077,8918
-1032,4073,8950
-980,4027,8990
-465,3799,9444
-481,3817,9462
-491,3742,9481
-1019,4231,8875
-1173,2859,9027
-1205,3041,9072
-1262,3090,9033
-2300,3569,6742
-2312,3726,6732
-2269,3899,6703
-2230,4073,6739
-2192,4183,6850
-2108,4243,7001
-2028,4306,7131
-2006,4352,7251
-1964,4326,7296
-1967,4383,7228
-1947,4366,7239
-1982,4357,7191
-1972,4405,7221
-2008,4419,7219
-1987,4421,7161
-1994,4352,7146
-1984,4351,7265
-1886,4346,7464
-1831,4306,7699
-1705,4204,7902
-1690,4225,8029
-1671,4331,8001
-1618,4397,7978
-1642,4432,7929
-1642,4432,7967
-1638,4453,7967
-1565,4457,8014
-1521,4470,8059
-1479,4543,8086
-1427,4507,8149
1582,3302,10014
1731,3345,9967
1902,3363,9997
1984,3302,9986
2064,3212,9972
2124,3270,9986
2197,3229,9913
2258,3098,9909
2412,2932,9892
2471,2914,9831
2526,2977,9867
2576,3049,9818
2549,3145,9841
2488,3190,9844
2473,3193,9818
2392,3632,9829
2399,3637,9823
2404,3666,9773
2454,3730,9746
2522,3810,9712
2545,3899,9695
2524,3980,9620
2570,4029,9622
2589,4079,9580
2583,4104,9584
2607,4082,9567
2638,4171,9529
2618,4223,9537
2612,4289,9489
2645,4319,9429
2658,4319,9409
2690,4289,9461
2756,4317,9445
2749,4315,9422
2805,4355,9398
2865,4351,9334
2902,4371,9298
2930,4388,9318
2997,4381,9295
3053,4391,9195
3094,4342,9176
3148,4343,9141
3233,4391,9124
3340,4419,9025
3340,4419,9025
3383,4407,8983
3395,4401,8943
3445,4389,8883
3549,4401,8880
3539,4388,8796
3586,4383,8761
3643,4397,8740
3685,4405,8748
3717,4345,8715
3748,4293,8675
3748,4293,8675
3810,4285,8671
3834,4280,8640
3844,4251,8603
3891,4210,8607
3921,4175,8612
3909,4155,8578
3906,4189,8574
3846,4243,8636
3836,4307,8624
3732,4344,8643
3718,4395,8700
3649,4437,8661
3649,4437,8661
3608,4542,8701
3515,4614,8721
3445,4647,8723
2869,4316,9357
3505,4273,8910
3505,4273,8910
3551,4260,8925
3578,4235,8893
3636,4232,8879
3670,4164,8853
3667,4183,8838
3747,4134,8808
3780,4111,8798
3814,4093,8812
3776,4127,8731
3812,4106,8778
3833,4082,8748
3832,4094,8725
3844,4087,8760
3797,4095,8779
3877,4210,8611
3995,4234,8472
4339,3937,8228
4394,3884,8220
4383,3869,8199
4436,3860,8199
4420,3793,8131
4419,3727,8176
4432,3726,8150
4430,3695,8157
4434,3651,8191
4475,3555,8198
4520,3518,8148
4540,3442,8066
4577,3439,8019
4574,3390,8006
4612,3296,8006
4612,3296,8006
4651,3220,8029
4654,3146,8005
4633,3113,7975
4595,3065,8010
4581,3061,8038
4586,3031,8084
4591,3009,8112
4593,2963,8060
4563,2894,8080
4579,2868,8182
4549,2812,8204
4549,2801,8213
4555,2801,8213
4518,2692,8217
4514,2664,8206
4523,2620,8222
4522,2617,8239
4511,2565,8215
4432,2511,8252
4412,2502,8352
4348,2469,8393
4326,2438,8433
4320,2413,8482
4277,2372,8509
4230,2374,8520
4192,2354,8583
4169,2297,8587
4161,2261,8623
4177,2216,8595
4037,2180,8693
4051,2143,8737
4058,2136,8687
4008,2101,8732
4008,2101,8732
3999,2073,8788
3969,2093,8871
3935,2066,8798
3908,2063,8855
3905,1995,8900
3878,1954,8765
3890,1931,8864
3853,1926,8794
3891,1917,8808
3919,1930,8800
3919,1930,8800
4032,1967,8701
4133,2057,8562
4199,2038,8479
4291,2028,8321
4340,2038,8263
4394,2019,8162
4443,1982,8106
4444,1994,8025
4463,1977,7961
4447,1969,7989
2592,3632,9796
2594,3513,9796
2684,3455,9797
2692,3431,9762
2808,3398,9709
2892,3351,9670
2948,3303,9692
2969,3240,9620
3021,3191,9651
3084,3154,9622
3126,3080,9604
3181,2944,9487
3244,2897,9543
3242,2896,9544
3204,2915,9486
3224,2922,9532
3233,2860,9487
3314,2915,9487
3311,2871,9490
3304,2935,9497
3338,2924,9447
3357,2902,9433
3392,2826,9390
3392,2826,9390
3466,2751,9353
3442,2704,9324
3526,2818,9263
3606,2729,9165
3668,2710,9122
3706,2738,9120
3725,2731,9095
3753,2610,9050
3763,2437,8938
3802,2347,8904
3765,2436,8908
3728,2486,8996
3671,2539,9032
3627,2542,9095
3070,3143,9552
2998,3204,9570
2903,3267,9623
2824,3331,9629
2735,3387,9692
2642,3412,9695
2544,3495,9749
413,3228,9985
412,3303,9981
412,3303,9968
434,3389,9968
482,3609,9967
453,3719,9918
453,3719,9974
503,3567,9974
530,3517,10017
546,3562,9990
565,3610,10021
572,3595,10020
618,3635,9998
636,3623,9970
693,3677,10001
1002,4064,9889
1088,4150,9846
1116,4189,9848
1210,4272,9824
1282,4301,9823
1282,4275,9814
1347,4275,9814
1390,4250,9802
1378,4315,9828
1429,4340,9752
1492,4415,9730
1556,4512,9630
1581,4586,9621
1581,4576,9584
1655,4576,9584
1655,4576,9584
1718,4510,9666
1753,4494,9657
1810,4531,9586
1875,4555,9583
1913,4567,9568
1991,4545,9593
1991,4557,9517
2041,4557,9517
2066,4512,9544
2124,4476,9543
2153,4464,9551
2195,4461,9587
2228,4451,9539
2940,4093,9503
2953,4064,9509
2965,4040,9527
2977,3975,9531
2988,3923,9513
2973,3923,9495
3012,3997,9529
3079,3966,9483
3089,3888,9488
3088,3776,9524
3156,3656,9526
3195,3632,9517
3193,3600,9508
3214,3533,9485
3210,3501,9506
3210,3501,9506
3229,3446,9528
3218,3385,9524
3253,3332,9594
3230,3273,9541
3239,3240,9586
3270,3210,9542
3241,3212,9578
3247,3161,9626
3219,3138,9607
3209,3086,9601
3167,3031,9625
3154,3037,9572
3156,3063,9696
3133,3154,9636
3116,3241,9659
3125,3135,9709
3164,2921,9664
3157,2801,9658
3172,2729,9669
3171,2702,9658
3142,2616,9654
3099,2587,9624
3062,2581,9679
3008,2485,9673
2990,2435,9676
3029,2369,9705
2970,2392,9712
2978,2373,9696
2966,2294,9704
2767,2307,9782
2739,2203,9752
2727,2198,9775
2665,2201,9779
2134,1984,9918
1984,2094,10003
1969,1808,9915
1973,1639,9869
1940,1565,9822
1899,1544,9814
1925,1570,9845
1926,1633,9801
1926,1633,9777
1911,1599,9777
1918,1557,9780
1915,1500,9752
1938,1548,9776
1935,1587,9808
1954,1611,9830
1376,1961,10010
1386,1928,9980
1333,1890,9957
1344,1937,9987
1285,1965,9987
1301,1962,9944
1319,1927,10041
1508,1891,9990
1515,1941,9948
1443,1912,9997
1472,1840,9955
1445,1845,9984
