mx,my,mz
1941,4210,9514
1967,4211,9480
1988,4180,9493
1953,4187,9495
1952,4205,9565
1942,4184,9452
1944,4209,9490
1929,4181,9496
1987,4147,9562
1724,3798,9651
1245,3595,9697
725,3483,9679
227,3431,9595
98,3376,9568
98,3376,9568
151,3472,9533
412,3667,9588
752,3681,9632
967,3511,9650
1106,3411,9726
1267,3389,9763
1267,3389,9763
1397,3382,9770
1487,3263,9749
1560,3177,9718
1580,3055,9760
1704,2968,9751
1883,2924,9718
1909,2880,9719
1909,2880,9719
1959,2807,9741
2030,2863,9719
2112,2942,9636
2148,3065,9690
2148,3065,9690
2136,3172,9657
2032,3421,9629
1833,3618,9606
1833,3618,9606
1322,3687,9595
838,3779,9531
354,3837,9486
354,3837,9486
-254,3801,9287
-600,3727,9136
-583,3784,9098
-583,3784,9098
-591,3645,9130
-801,3692,8977
-962,3451,8900
-962,3451,8900
-1163,3481,8683
-1163,3481,8683
-1434,3679,8386
-1434,3679,8386
-1691,3902,7943
-1813,4133,7587
-1892,4150,7461
-1980,4120,7241
-1980,4120,7241
-1979,4228,7053
-1979,4228,7053
-1989,4300,6705
-2037,4270,6696
-2059,4250,6653
-2058,4221,6673
-2058,4221,6673
-2036,4148,6894
-2036,4148,6894
-2036,4148,6894
-2015,4109,7149
-1978,4056,7293
-1953,3966,7470
-1876,4072,7477
-1907,4000,7408
-1929,4069,7382
-1860,4254,7421
-1851,4139,7502
-1831,4360,7230
-1870,4321,7178
-1922,4326,7042
-1996,4306,6799
-2072,4257,6170
-2077,4160,6047
-2067,4117,5835
-2087,4107,5747
-2045,4037,5632
-2062,4018,5545
-2062,3921,5474
-2076,3829,5339
-2076,3829,5339
-2116,3664,5321
-2130,3562,5341
-2130,3562,5341
-2120,3375,5292
-2114,3373,5270
-2153,3275,5281
-2142,3226,5212
-2204,3175,5300
-2180,3080,5316
-2148,3049,5292
-2148,3049,5258
-2197,3004,5258
-2198,2950,5294
-2214,2859,5249
-2174,2778,5272
-2203,2693,5358
-2203,2693,5358
-2207,2669,5369
-2207,2669,5369
-2194,2693,5364
-2166,2681,5389
-2217,2730,5373
-2204,2781,5369
-2219,2826,5375
-2191,2933,5420
-2227,3001,5386
-2225,3040,5393
-2204,3116,5390
-2202,3191,5369
-2194,3316,5403
-2144,3932,5746
-2099,4016,5764
-2093,4067,5876
-2105,4101,5960
-2111,4159,6039
-2090,4183,6158
-2074,4255,6210
-2074,4255,6210
-2032,4266,6214
-2061,4302,6333
-2065,4324,6370
-2003,4340,6445
-2020,4312,6430
-2056,4290,6487
-2072,4157,6219
-2142,4128,6122
-2093,4085,6068
-2125,4104,6001
-2130,4082,5952
-1900,3929,7542
-1871,3874,7584
-1919,3744,7654
-1905,3738,7603
-1904,3617,7615
-1940,3541,7633
-1993,3516,7664
-1965,3383,7715
-1941,3290,7761
-1919,3175,7744
-1925,3017,7808
-1922,2952,7814
-1944,2855,7754
-1971,2881,7763
-1938,2952,7748
-1978,2869,7721
-2014,2970,7729
-2014,2970,7729
-1973,2968,7672
-1995,2990,7746
-1914,3128,7804
-1673,3695,8077
-1751,3642,7964
-1918,3402,7740
-1450,4827,7508
-1450,4827,7508
-1231,5053,7574
-1153,5229,7346
-2156,3412,5369
-2156,3412,5369
-2198,2876,5460
-2276,2814,5771
-2276,2814,5771
-2134,3178,5340
-2079,2685,5195
-2079,2685,5195
-2123,2325,5571
-2123,2325,5571
-2123,2325,5932
-2221,2451,5932
-2318,3182,6707
-2196,3516,6933
-2233,3610,6725
-2167,2454,5495
-2070,1944,5609
-2070,1944,5609
-2070,1944,5609
-2020,1686,5969
-2020,1686,5969
-2063,1766,6480
-2127,2169,6963
-2165,2691,7251
-2165,2691,7251
-2117,3086,7310
-2117,3086,7310
-2208,3314,7135
-2165,2093,5982
-2165,2093,5982
-2106,1803,6410
-2100,1893,6896
-2063,2365,7396
-1969,2726,7663
-1969,2726,7663
-1939,2912,7719
-1939,2912,7719
-2071,2841,7469
-2071,2841,7469
-2222,2585,7047
-2211,2351,6825
-2116,2000,6895
-2116,2000,6895
-1985,1805,7170
-1857,1863,7603
-1799,2275,7873
-1771,2638,8040
-1771,2638,8040
-1723,2975,8125
-1878,3060,7932
-1878,3060,7932
-2135,2141,6965
-2135,2141,6965
-2135,2141,7101
-1993,1782,7101
-1890,1898,7495
-1890,1898,7495
-1829,2442,7948
-1829,2442,7948
-1622,2936,8330
-1622,2936,8330
-1431,3246,8501
-1571,3310,8310
-1571,3310,8310
-2118,2328,7150
-2118,2328,7150
-1968,2245,7395
-1903,2455,7819
-1635,2742,8199
-1605,3036,8375
-1564,3176,8367
-1564,3176,8367
-1681,3195,8136
-1981,2973,7779
-2139,2451,7319
-2024,2495,7538
-1840,2713,7938
-1548,3098,8452
-1160,3444,8747
-1160,3444,8747
-986,3735,8840
-1115,3826,8781
-1115,3826,8781
-1884,3149,7949
-1856,3048,7875
-1747,3254,8073
-1019,4111,8649
-734,4293,8740
-958,4076,8683
-1249,4041,8454
-726,4242,8838
299,4429,9227
299,4429,9227
1724,4512,9285
2931,4165,9157
3815,3762,8717
4396,3541,8082
4396,3541,8082
4742,3312,7549
4862,2971,7142
4894,2584,6953
4894,2584,6953
4862,2211,6908
4657,1712,7025
4301,1286,7510
4301,1286,7510
4140,1580,8107
4030,2292,8641
3979,2690,8702
3979,2690,8702
3959,3204,8707
4045,3594,8550
4268,3833,8122
4268,3833,8122
4500,3919,7680
4671,3859,7362
4847,3385,7031
4847,2729,6928
4965,2729,6928
4965,2729,6928
4797,2066,6909
4694,1716,6855
4694,1716,6855
4617,1571,6850
4617,1571,6850
4689,1720,6820
4689,1720,6820
4757,1829,6612
4771,1743,6335
4680,1704,6078
4564,1588,5746
4520,1571,5610
4578,1676,5547
4569,1769,5509
4571,1892,5394
4458,1748,5215
4458,1748,5215
4322,1695,4995
4148,1652,4754
4148,1652,4724
4157,1672,4724
4347,1762,4979
4347,1762,4979
4498,1845,5255
4498,1845,5255
4793,2386,5499
4793,2386,5499
4957,3123,5979
4957,3123,5979
4846,3661,6334
4846,3661,6334
4712,4111,6920
4485,4356,7402
4485,4356,7402
4485,4356,7402
4267,4433,7661
4267,4433,7661
4408,4387,7441
4408,4387,7441
4727,4070,6849
4727,4070,6849
4865,3685,6229
4865,3685,6229
4865,3685,6229
4789,3239,5442
4789,3239,5442
4560,2639,4831
4560,2639,4831
4280,2236,4590
4272,2219,4645
4454,2317,4801
4689,2631,5163
4837,3095,5448
4837,3095,5448
4837,3483,5800
4850,3483,5800
4850,3483,5800
4850,3483,5800
4849,3881,6238
4651,4333,6762
4651,4333,6762
4651,4556,7295
4392,4556,7295
4392,4556,7295
4298,4542,7469
4519,4404,7187
4519,4404,7187
4750,4079,6815
4750,4079,6815
4892,3790,6435
4892,3790,6435
4892,3790,6435
4715,2789,5164
4715,2789,5164
4469,2338,4821
4469,2338,4821
4610,2399,5112
4850,2849,5515
4926,3278,6049
4926,3278,6049
4942,3564,6567
4942,3564,6567
4752,3742,7124
4752,3742,7124
4438,4081,7734
4193,4210,7984
4390,4095,7774
4654,3917,7399
4654,3917,7399
4809,3813,7016
4809,3813,7016
4809,3813,7016
4882,3575,6044
4778,3237,5428
4699,3123,5250
4829,3441,5656
4871,3653,6496
4871,3653,6496
4861,3565,6984
4861,3565,6984
4764,3464,7414
4641,3427,7629
4669,3202,7715
4669,3202,7715
4873,3296,7088
4949,3284,6811
4596,3179,7872
4351,3131,8330
4021,3113,8667
3945,3172,8810
4143,3133,8590
4454,3112,8136
4678,3019,7718
4725,3012,7641
4533,2978,8050
4395,3018,8287
4282,3023,8407
4282,3023,8407
4249,3065,8507
4249,3065,8507
4371,3047,8265
4824,3112,7392
4624,3234,7897
4377,3279,8330
4013,3072,8744
3709,3036,9015
3709,3036,8942
4725,2982,7649
4725,2982,7649
4725,2982,7649
4694,3408,7603
4695,3661,7327
4777,3705,7096
4839,3700,6946
4823,3571,6918
4911,3435,6429
4915,3607,6131
4870,3622,6640
4870,3622,6640
4870,3622,6640
4870,3622,6640
4870,3622,6640
4637,3367,7808
4121,3142,8599
3757,2961,8922
3894,2958,8754
4296,3073,8346
4802,3180,5564
4627,2368,7615
4324,2509,8270
3975,2689,8709
3755,2713,8927
3893,2676,8801
3893,2629,8241
4280,2629,8241
4503,2427,7980
4118,2586,8567
3786,2678,8865
3690,2725,9019
4012,2590,8688
4349,2564,8234
4913,2367,6490
4913,2250,7344
4779,2250,7344
4416,2201,8081
3987,2427,8729
3987,2427,8729
3537,2596,9112
3537,2596,9112
3478,2648,9157
3478,2648,9157
3857,2420,8800
4238,2263,8405
4238,2263,8405
4546,2157,7651
4841,2261,6610
4841,2261,6610
4841,2261,6610
4753,2361,7452
4753,2361,7452
4451,2374,7973
4113,2478,8601
4113,2478,8601
3623,2624,9021
3224,2715,9292
3399,2610,9149
3399,2610,9149
3839,2480,8830
4241,2318,8254
4241,2318,8254
4677,2242,7550
4677,2242,7550
4689,1956,5537
4467,1965,5051
4524,2031,5077
4869,2174,6634
4869,2174,6634
4671,2271,7716
4225,2330,8370
3918,2321,8781
3918,2321,8781
3839,2499,8842
3839,2499,8842
4169,2313,8456
4493,2236,7866
4745,2143,7301
4783,2070,7106
4708,2036,7371
4630,2100,7585
4569,2122,7809
4484,2150,7921
4461,2157,7972
4451,2167,7960
4451,2167,7960
4411,2180,8002
4633,1761,7037
4721,1684,5972
4753,1763,6224
4703,2020,5497
4471,2712,4631
4538,2696,4827
4852,3013,7161
4806,2986,7208
4806,2986,7240
4870,2993,7240
4817,2958,7206
4789,2910,7332
4785,2874,7452
4726,2800,7527
4708,2732,7569
4708,2732,7569
4644,2615,7629
4613,2528,7775
4466,2176,7825
4437,2051,7880
4395,1887,7915
4337,1846,8023
4337,1780,8054
4096,1642,8281
3994,1659,8340
3979,1607,8329
4447,2571,8023
4552,3224,7886
4540,3411,7905
4437,3712,7874
4385,3813,7912
4385,3905,7938
4350,3948,7953
4363,3961,7916
4377,3919,7908
4439,3856,7837
4508,3756,7834
4622,3610,7734
4667,3447,7638
4706,3277,7608
4700,3077,7624
4584,3397,7860
4536,3509,7907
4503,3585,7902
4380,3767,8035
4345,3842,8001
4299,3948,8071
4179,4003,8169
4087,4088,8203
4028,4143,8258
3935,4157,8309
3876,4201,8370
3782,4227,8425
3732,4217,8507
3732,4251,8570
3681,4251,8570
3609,4247,8626
3609,4247,8626
3609,4247,8674
3537,4255,8674
3466,4235,8750
3388,4282,8791
3388,4282,8834
3349,4240,8834
3285,4231,8936
3241,4215,8940
3189,4173,8961
3057,4142,9030
3057,4142,9030
2981,4134,9108
2910,4110,9179
2910,4090,9218
2904,4073,9219
2907,4030,9223
2847,4117,9221
2836,4140,9232
2854,4110,9216
2859,4088,9179
2859,4088,9179
2859,4092,9196
2959,4092,9196
2993,4123,9106
3574,4308,8612
3673,4297,8557
3754,4288,8452
3807,4285,8427
4216,3931,8123
4310,3848,8110
4330,3837,8034
4444,3771,7941
4435,3680,7922
4506,3577,7858
4531,3511,7852
2941,4073,9187
2904,3980,9232
2857,3901,9308
2746,3585,9462
2688,3445,9513
2649,3284,9527
2657,3187,9530
2653,3090,9543
2712,2983,9505
2725,2942,9531
2725,2942,9531
2790,2835,9589
2790,2835,9499
2795,2758,9499
2868,2665,9500
2886,2587,9538
2880,2473,9451
2931,2380,9381
2937,2341,9393
2937,2341,9393
2997,2269,9351
3035,2204,9341
3090,2178,9307
3131,2161,9216
3194,2170,9192
3289,2131,9113
3356,2080,9103
3415,2046,9092
3408,2020,9043
3410,2026,8975
3433,2006,9035
2978,2310,9409
2910,2334,9416
2877,2365,9399
2853,2426,9439
2674,2885,9528
2673,2909,9570
2310,2608,9648
1867,2721,9693
1867,2721,9693
1208,2821,9734
498,2729,9614
-211,2570,9394
-211,2570,9394
-769,2425,9003
-1206,2261,8688
-1520,2315,8395
-1520,2315,8395
-1721,2396,8159
-1691,2374,8070
-1713,2478,8089
-1764,2561,8087
-1708,2634,8200
-1625,2577,8227
-1625,2577,8227
-1489,2434,8384
-1400,2525,8524
-1418,2700,8490
-1418,2700,8490
-1474,2828,8448
-1585,2894,8386
-1585,2930,8378
-1585,2950,8307
-1585,2950,8307
-1562,2822,8416
-1536,2704,8429
-1497,2559,8439
-1436,2425,8520
-1362,2182,8496
-1311,2092,8543
-1230,1975,8575
-1179,1928,8625
-1111,1926,8645
-1002,1903,8682
-972,1906,8732
-972,1906,8732
-978,1928,8754
-987,2019,8753
-987,2028,8659
-1074,2028,8659
-1074,2028,8659
-1246,2118,8614
-1346,2144,8436
-1456,2167,8445
-1412,2155,8433
-1424,2253,8500
-1344,2236,8480
-1328,2208,8611
-1180,2289,8727
-1049,2292,8831
-1074,2396,8838
-1067,2660,8900
-1067,2660,8900
-409,2609,9278
-409,2609,9278
253,2437,9542
903,2185,9642
1650,2004,9571
2095,1787,9470
2302,1422,9268
2237,1069,9067
2048,493,8604
2138,144,8094
2016,145,8111
1778,40,8061
1890,0,7961
1727,107,8214
1727,107,8708
1401,513,8708
1427,982,9146
1328,1583,9438
1397,1937,9575
1542,2114,9611
1542,2114,9700
1238,2450,9700
1425,2497,9736
1487,3155,9713
1651,3710,9547
1586,3835,9633
1667,4283,9382
1733,4937,9001
1825,4895,9071
1755,4775,9138
1080,4071,9502
210,3674,9476
-748,1975,8983
-625,2011,9074
-498,2149,9175
-454,2145,9265
-305,2216,9294
-222,2294,9369
-222,2346,9405
-135,2346,9405
-116,2368,9403
-107,2453,9488
-107,2453,9488
-71,2558,9481
-115,2696,9466
-80,2812,9526
-63,2880,9525
-60,2929,9513
-60,2929,9513
-32,3049,9506
-2,3194,9505
75,3320,9502
70,3443,9471
-26,3503,9422
-26,3503,9422
-39,3582,9405
-66,3739,9376
-114,3796,9298
-180,3868,9224
-305,3921,9114
-305,3921,9114
-382,4005,9105
-428,4045,9066
-432,4121,9031
-461,4186,9009
-432,4264,8946
-479,4227,8934
-473,4275,8949
-515,4431,8844
-590,4430,8763
-632,4434,8698
-700,4504,8625
-746,4481,8636
-811,4556,8582
-839,4559,8522
-872,4580,8492
-945,4560,8444
-1036,4503,8359
-1131,4451,8262
-1131,4451,8262
-1208,4407,8268
-1290,4360,8231
-1336,4333,8145
-1374,4268,8119
-1429,4227,8079
-1455,4210,8076
-1472,4174,8052
-1542,4182,8016
-1516,4179,7961
-1551,4160,7957
-1603,4137,7903
-1637,4137,7854
-1633,4133,7865
-1661,4094,7816
-1715,4013,7790
-1693,3986,7779
-1766,3965,7814
-1772,3895,7779
-1772,3895,7836
-1781,3819,7836
-1778,3777,7748
-1831,3779,7787
-1826,3745,7798
-1825,3624,7860
-1796,3507,7907
-1735,3476,8023
-1729,3380,8074
-1729,3380,8074
-1763,3231,8061
-1793,3166,8038
-1777,2976,8058
-1810,2883,8021
-1815,2741,8062
-1801,2676,8036
-1798,2673,8009
-1765,2671,8107
-1765,2671,8107
-1746,2642,8106
-1728,2617,8083
-1689,2571,8120
-1723,2545,8125
-1730,2506,8090
-1537,2338,8284
-1445,2287,8345
-1379,2209,8425
-1323,2171,8472
-1256,2055,8522
-1587,2814,8319
-1587,2814,8319
-1534,2929,8416
-1643,3024,8324
-1610,3223,8322
-1362,3003,8612
-1362,3003,8612
-1210,2933,8760
-1291,3139,8673
-1510,3374,8424
-1701,3593,8021
-1159,3555,8709
-804,3420,9062
-678,3656,9057
-985,4302,8550
-25,3681,9366
-1077,4322,8454
-1084,4347,8418
-937,4252,8612
-619,4067,8934
-320,3759,9218
336,3221,9560
336,3221,9348
-88,3428,9348
-524,3349,9211
-785,3199,9037
-1070,3048,8825
-1070,3048,8825
-1260,2941,8636
-1228,2722,8692
-976,2571,8902
-733,2418,9043
-441,2328,9217
1327,2435,9683
1890,2220,9577
2383,2208,9484
2818,2178,9396
3005,2034,9281
3038,1867,9209
1743,2348,9669
1400,2693,9756
1374,2850,9687
1484,2867,9671
1484,2867,9671
1725,3714,9608
1312,3881,9600
1095,4009,9576
1071,3977,9550
1194,3968,9575
1480,3914,9526
1821,3652,9597
736,4141,9414
460,4151,9329
287,4089,9289
230,4060,9281
225,3925,9407
375,3646,9477
555,3536,9578
952,3340,9659
1279,3306,9725
1470,3383,9707
1384,3489,9658
1054,3536,9650
188,3883,9378
-161,4027,9210
-283,3853,9206
-267,3762,9266
-151,3679,9342
2,3677,9375
268,3420,9550
590,3116,9649
799,3080,9688
846,3140,9734
609,3250,9621
324,3474,9546
-553,3193,9239
-651,2950,9182
-652,2740,9156
-524,2661,9219
-407,2595,9276
-296,2345,9261
-384,2192,9192
-258,1948,9213
1699,2139,9612
